temp,hum,dec,fault
36.62,58,86,False
35.25,70,63,False
36.63,39,82,False
27.45,48,87,False
27.75,48,77,False
32.41,68,66,False
20.48,34,87,False
44.71,34,73,False
20.64,26,70,True
20.14,9,100,True
33.92,40,40,True
41.89,16,95,True
41.65,61,66,False
20.33,59,66,False
21.29,56,99,False
29.31,53,96,False
36.13,48,76,False
26.51,48,62,False
20.51,70,64,False
34.82,60,88,False
33.73,54,72,False
48.35,22,95,True
37.24,80,67,True
30.33,68,63,False
32.77,33,85,False
27.64,42,68,False
18.04,44,68,True
45.3,31,61,False
48.51,42,63,False
27.32,70,98,False
28.78,47,86,False
38.57,43,77,False
54.25,52,90,True
21.61,37,60,False
48.52,46,86,False
29.67,67,92,False
47.67,62,97,False
26.67,56,63,False
24.72,41,84,False
41.8,47,75,False
20.51,62,97,False
47.69,35,63,False
47.49,42,99,False
26.02,67,100,False
42.59,34,85,False
71.34,69,42,True
36.88,66,91,False
13.1,66,91,True
44.26,62,42,True
28.89,64,87,False
40.29,56,76,False
31.83,51,91,False
98.54,59,77,True
45.08,63,76,False
82.09,70,100,True
29.49,53,67,False
44.78,67,65,False
46.05,53,79,False
20.39,35,99,False
27.65,54,68,False
28.22,37,89,False
49.77,55,74,False
32.71,51,79,False
32.42,62,86,False
21.06,68,77,False
78.69,54,92,True
41.69,30,88,False
17.46,48,63,True
39.26,42,90,False
24.21,14,92,True
87.99,70,68,True
49.64,63,82,False
41.51,66,90,False
47.55,45,79,False
35.17,46,64,False
48.41,12,83,True
31.29,45,102,True
41.48,41,91,False
41.08,70,85,False
41.83,37,60,False
45.34,51,63,False
44.56,30,77,False
20.9,73,83,True
25.25,57,91,False
20.86,48,88,False
44.66,46,69,False
89.2,39,71,True
45.08,0,72,True
41.24,41,36,True
41.0,42,89,False
48.88,46,73,False
38.71,52,61,False
30.86,37,79,False
27.91,53,93,False
36.53,49,64,False
47.7,37,100,False
29.76,51,80,False
44.14,55,24,True
93.44,65,74,True
28.53,67,69,False
36.03,8,81,True
46.71,56,80,False
39.74,57,88,False
43.11,39,77,False
24.17,66,19,True
45.86,44,82,False
66.42,65,66,True
42.52,55,75,False
44.1,35,74,False
30.96,46,99,False
31.01,94,65,True
33.31,53,90,False
27.17,37,88,False
33.3,38,93,False
21.46,50,85,False
35.21,55,72,False
20.55,64,76,False
31.48,56,94,False
33.94,56,84,False
46.83,49,67,False
40.73,34,96,False
47.43,38,90,False
30.65,64,17,True
43.8,69,70,False
43.39,52,84,False
43.29,55,66,False
47.8,29,77,True
30.05,37,57,True
45.58,65,23,True
26.98,38,77,False
25.69,62,83,False
22.34,41,75,False
45.63,51,87,False
37.82,53,23,True
39.59,40,27,True
40.18,51,76,False
28.59,34,77,False
49.85,69,69,False
46.26,70,77,False
31.44,43,78,False
38.78,45,34,True
34.32,31,73,False
45.12,59,68,False
40.67,62,81,False
41.88,41,84,False
35.02,37,71,False
88.52,56,94,True
32.94,50,93,False
45.33,34,107,True
23.92,68,100,False
26.79,32,76,False
24.59,67,84,False
45.08,40,86,False
41.18,48,98,False
28.54,32,64,False
47.38,44,30,True
46.31,60,82,False
23.92,48,96,False
30.36,48,73,False
33.0,58,66,False
35.93,40,100,False
39.43,42,75,False
23.53,32,98,False
32.56,61,87,False
38.15,63,96,False
31.39,60,86,False
30.91,39,88,False
38.65,35,60,False
43.05,36,75,False
46.52,54,71,False
42.23,38,76,False
29.96,100,83,True
40.77,35,75,False
99.79,66,69,True
30.96,55,96,False
0.58,58,100,True
32.96,49,79,False
33.18,65,69,False
20.8,43,68,False
26.58,66,85,False
43.04,30,96,False
39.23,52,102,True
27.5,46,86,False
31.67,65,77,False
20.95,51,80,False
70.76,39,23,True
42.93,56,66,False
32.09,99,71,True
22.73,57,97,False
44.32,65,103,True
41.71,41,89,False
42.54,68,75,False
32.59,48,83,False
40.29,39,71,False
32.08,48,87,False
34.05,51,91,False
25.85,54,96,False
33.69,39,73,False
46.5,62,4,True
39.53,34,63,False
36.07,50,95,False
31.79,39,77,False
42.53,14,91,True
40.9,64,62,False
21.1,61,96,False
46.7,66,85,False
40.32,43,98,False
43.04,30,73,False
30.14,53,94,False
39.92,41,80,False
41.73,36,62,False
29.83,33,77,False
84.4,36,67,True
43.57,53,110,True
38.1,67,87,False
39.72,62,69,False
28.0,41,79,False
22.21,74,92,True
72.89,51,83,True
23.55,56,87,False
35.34,42,70,False
44.43,47,86,False
41.85,61,97,False
38.08,38,95,False
36.58,46,70,False
28.75,48,84,False
23.12,67,69,False
35.9,50,74,False
45.71,62,47,True
29.03,57,63,False
48.12,7,63,True
41.28,60,73,False
33.2,43,67,False
29.12,53,78,False
31.88,55,91,False
89.95,59,107,True
47.47,35,77,False
45.1,45,55,True
32.23,35,85,False
27.9,62,77,False
22.7,34,84,False
33.07,69,89,False
42.15,69,57,True
37.52,69,93,False
41.19,69,83,False
37.34,58,79,False
31.88,31,84,False
24.99,50,78,False
52.35,47,66,True
27.94,41,79,False
44.88,67,99,False
20.65,42,62,False
27.25,69,61,False
31.81,58,58,True
24.79,63,69,False
25.75,70,68,False
21.91,62,62,False
90.83,64,83,True
22.53,47,106,True
28.66,48,79,False
25.16,69,92,False
34.35,45,95,False
24.95,69,89,False
30.99,57,65,False
42.76,55,73,False
88.03,52,65,True
37.25,70,99,False
34.11,50,90,False
32.44,63,70,False
42.58,38,73,False
46.11,68,96,False
36.6,33,68,False
93.21,33,60,True
44.78,56,65,False
43.87,53,96,False
38.71,31,70,False
35.14,68,94,False
48.78,34,60,False
20.34,59,68,False
36.11,53,68,False
27.93,41,89,False
24.58,32,78,False
48.44,53,84,False
46.32,45,69,False
38.79,55,69,False
26.7,54,94,False
49.32,32,33,True
25.02,61,86,False
45.2,30,80,False
32.83,54,77,False
27.81,15,70,True
41.23,37,82,False
30.84,52,86,False
30.44,47,72,False
20.01,69,28,True
28.23,52,87,False
42.3,51,71,False
20.78,69,72,False
34.6,30,74,False
44.36,39,86,False
24.82,41,98,False
49.98,65,45,True
39.67,36,70,False
40.61,38,62,False
37.11,32,94,False
43.95,70,64,False
39.71,50,69,False
29.51,33,59,True
25.03,46,89,False
38.7,40,27,True
41.94,63,98,False
43.82,67,78,False
21.39,41,89,False
21.49,31,81,False
41.71,20,94,True
21.22,65,60,False
34.82,42,6,True
31.83,55,97,False
23.8,73,71,True
45.12,41,63,False
25.51,41,76,False
24.69,54,96,False
33.66,66,94,False
48.11,62,64,False
46.34,37,79,False
35.57,31,71,False
35.65,55,62,False
34.81,61,69,False
20.76,63,65,False
32.5,52,68,False
43.44,34,93,False
32.5,32,67,False
44.36,80,84,True
23.65,66,60,False
21.34,38,77,False
46.39,68,61,False
23.84,31,62,False
47.7,62,87,False
45.9,35,61,False
75.19,59,91,True
40.96,44,72,False
44.94,48,61,False
38.6,38,98,False
47.87,48,66,False
35.12,32,92,False
30.74,49,66,False
14.11,56,19,True
22.84,69,78,False
22.25,63,99,False
33.41,67,72,False
20.37,54,89,False
30.52,43,90,False
45.23,41,93,False
45.02,69,64,False
29.36,50,69,False
44.25,35,93,False
42.88,52,82,False
32.18,32,86,False
20.4,60,77,False
41.94,57,73,False
44.23,9,85,True
29.39,57,99,False
32.3,36,90,False
33.49,43,63,False
21.62,50,78,False
33.02,44,90,False
46.69,34,65,False
44.02,32,64,False
44.15,51,86,False
41.99,60,68,False
31.28,46,53,True
31.42,68,67,False
45.5,70,72,False
47.91,49,95,False
28.21,32,84,False
28.48,56,72,False
27.7,64,64,False
27.45,48,67,False
45.88,43,65,False
28.5,35,7,True
29.5,48,73,False
28.29,36,99,False
20.54,70,78,False
42.81,52,73,False
34.81,64,84,False
30.21,53,74,False
34.06,58,79,False
43.93,45,65,False
48.46,58,79,False
35.16,57,69,False
48.61,11,77,True
20.02,36,45,True
36.6,68,93,False
38.11,43,88,False
33.11,65,88,False
33.66,33,63,False
24.35,51,94,False
42.74,32,85,False
33.22,69,86,False
31.41,38,85,False
43.25,32,62,False
31.79,62,74,False
39.4,38,66,False
41.82,69,98,False
39.41,50,41,True
48.73,60,100,False
29.26,45,98,False
21.06,50,77,False
20.67,44,68,False
37.5,34,88,False
30.37,63,72,False
6.07,51,87,True
22.71,57,91,False
38.18,61,63,False
32.9,44,63,False
45.45,33,76,False
37.7,64,21,True
47.9,39,80,False
25.58,62,97,False
42.19,39,80,False
36.02,50,95,False
34.66,65,68,False
45.43,48,84,False
24.0,50,3,True
37.37,38,83,False
65.34,53,83,True
49.67,57,76,False
1.67,66,70,True
26.45,34,98,False
31.95,63,86,False
21.44,39,90,False
44.53,31,83,False
42.34,64,65,False
48.33,50,96,False
55.38,10,84,True
41.67,61,68,False
43.84,40,3,True
35.69,60,79,False
43.27,70,91,False
20.9,46,78,False
32.48,39,68,False
26.31,31,64,False
4.75,51,62,True
33.41,54,97,False
98.56,67,74,True
31.51,50,62,False
43.25,44,72,False
25.44,30,68,False
22.6,75,99,True
37.82,34,80,False
27.99,64,95,False
47.05,46,86,False
29.37,0,99,True
42.18,67,60,False
25.78,70,68,False
39.01,51,93,False
38.18,59,82,False
28.78,45,99,False
26.92,62,83,False
23.54,38,23,True
37.09,41,76,False
43.93,60,72,False
45.33,67,65,False
36.09,61,72,False
43.87,50,100,False
48.65,44,94,False
25.04,39,67,False
41.37,30,82,False
31.23,35,64,False
41.58,67,85,False
45.08,45,88,False
23.29,78,75,True
34.97,56,98,False
32.49,65,75,False
8.01,60,78,True
38.85,31,76,False
45.57,40,89,False
49.24,68,100,False
43.97,70,81,False
37.9,67,69,False
22.39,33,76,False
36.25,52,99,False
25.06,38,99,False
42.31,52,55,True
23.68,59,93,False
44.88,69,9,True
49.02,47,92,False
48.95,32,99,False
31.93,69,75,False
39.82,57,81,False
22.34,40,96,False
20.18,34,96,False
33.78,57,98,False
59.23,35,116,True
39.29,44,70,False
22.61,67,82,False
22.49,33,60,False
28.67,23,67,True
32.77,34,78,False
35.27,42,75,False
27.92,53,99,False
43.95,41,73,False
25.07,32,82,False
70.98,59,92,True
25.44,39,7,True
36.05,36,92,False
45.07,32,87,False
24.38,57,111,True
45.64,43,63,False
35.45,33,65,False
28.14,48,63,False
33.58,52,62,False
24.82,60,94,False
44.25,64,60,False
30.96,43,96,False
41.85,34,64,False
36.51,67,78,False
20.0,54,90,False
33.85,65,97,False
38.14,30,73,False
39.92,37,66,False
21.99,63,94,False
37.5,63,120,True
49.45,57,62,False
32.67,67,67,False
47.53,70,82,False
39.14,57,79,False
20.09,53,89,False
41.75,79,99,True
3.38,62,72,True
32.5,16,0,True
99.21,54,62,True
45.85,38,99,False
24.12,50,80,False
20.26,48,96,False
35.25,69,90,False
28.32,18,87,True
48.29,30,96,False
40.42,40,62,False
35.18,47,99,False
38.07,57,81,False
23.13,66,67,False
37.69,52,70,False
40.4,63,81,False
33.11,46,81,False
42.52,70,70,False
27.05,48,93,False
79.31,57,67,True
23.87,44,74,False
47.17,54,62,False
43.84,40,85,False
46.2,63,80,False
43.26,40,84,False
27.69,32,83,False
94.22,7,64,True
52.97,49,83,True
23.03,48,82,False
20.68,38,95,False
23.9,41,75,False
34.35,48,100,False
79.23,69,95,True
29.85,50,63,False
24.88,37,83,False
43.33,52,92,False
38.59,70,84,False
42.34,51,72,False
22.92,12,99,True
25.73,46,83,False
39.8,65,68,False
27.83,50,79,False
25.27,56,87,False
21.92,52,89,False
22.87,38,79,False
28.18,59,76,False
24.54,30,83,False
26.67,35,80,False
20.58,34,65,False
44.41,58,86,False
41.36,70,85,False
33.64,39,72,False
23.18,69,68,False
34.32,34,67,False
25.83,54,71,False
21.72,47,97,False
36.1,66,65,False
39.3,41,63,False
46.56,69,75,False
44.25,38,65,False
46.7,37,96,False
41.52,37,81,False
35.91,58,98,False
45.37,68,63,False
40.43,31,62,False
31.9,44,94,False
23.01,62,89,False
49.75,50,114,True
28.99,42,64,False
39.9,50,82,False
23.8,65,81,False
72.78,41,64,True
22.15,57,93,False
38.67,38,64,False
50.0,53,95,False
27.49,51,83,False
46.66,67,72,False
37.68,61,64,False
47.05,47,73,False
23.04,55,85,False
33.1,31,77,False
41.32,53,73,False
49.06,36,60,False
26.9,36,63,False
37.41,58,81,False
28.1,31,69,False
35.11,55,95,False
37.21,61,87,False
22.98,59,46,True
23.13,43,106,True
43.35,64,83,False
39.54,70,72,False
23.34,43,62,False
31.46,64,82,False
23.16,47,70,False
39.86,42,93,False
37.48,53,93,False
38.99,49,70,False
22.89,33,7,True
60.37,56,83,True
42.74,59,99,False
38.43,33,74,False
28.94,49,92,False
35.29,48,68,False
39.69,60,65,False
42.57,47,74,False
40.27,40,66,False
26.13,47,96,False
49.16,52,74,False
32.78,51,68,False
51.02,52,92,True
86.67,39,69,True
34.85,60,99,False
20.82,66,61,False
45.33,95,91,True
41.05,36,72,False
24.15,40,98,False
36.26,49,85,False
40.18,31,66,False
29.4,45,105,True
43.0,57,69,False
42.06,31,89,False
21.03,69,89,False
29.44,77,62,True
25.39,30,99,False
38.22,52,36,True
48.24,56,81,False
46.11,47,94,False
26.66,42,12,True
29.72,55,90,False
38.63,56,94,False
33.47,59,82,False
40.21,68,94,False
33.71,62,80,False
25.44,53,60,False
38.57,41,28,True
34.99,65,77,False
39.66,65,76,False
38.59,42,42,True
32.98,57,91,False
23.14,39,87,False
28.11,62,59,True
33.92,32,62,False
26.76,70,73,False
29.82,67,69,False
34.69,68,35,True
43.93,33,94,False
49.55,59,93,False
35.65,53,80,False
4.77,52,77,True
32.33,57,49,True
26.57,66,73,False
26.75,67,83,False
49.93,61,65,False
42.26,31,72,False
48.2,68,68,False
23.7,53,76,False
27.38,64,98,False
40.7,34,66,False
33.0,55,61,False
21.06,34,53,True
80.04,58,95,True
49.68,59,60,False
28.79,35,83,False
25.52,58,80,False
34.72,60,99,False
26.91,56,97,False
40.1,48,75,False
25.69,31,74,False
32.62,51,69,False
33.44,68,62,False
27.95,37,109,True
63.17,52,87,True
27.37,54,89,False
25.47,53,65,False
35.98,34,64,False
42.44,30,72,False
36.0,65,63,False
45.2,33,65,False
43.03,31,73,False
21.42,30,69,False
37.92,36,88,False
24.09,68,80,False
25.41,44,78,False
27.49,51,69,False
62.49,34,63,True
44.44,68,68,False
49.94,35,68,False
23.25,53,96,False
42.04,55,91,False
27.8,31,97,False
37.26,52,97,False
33.74,34,95,False
49.74,56,97,False
31.51,58,83,False
28.95,48,66,False
41.48,60,76,False
48.86,51,87,False
36.71,2,94,True
44.17,62,93,False
27.56,60,78,False
43.41,57,61,False
33.53,35,81,False
43.0,45,66,False
23.64,79,99,True
30.75,68,103,True
44.56,63,76,False
23.4,43,100,False
31.89,52,82,False
47.39,40,78,False
30.76,67,98,False
30.13,62,72,False
34.68,61,87,False
36.72,45,91,False
34.32,33,64,False
28.36,41,118,True
29.88,68,99,False
26.16,40,93,False
47.74,39,85,False
33.58,30,64,False
43.74,41,94,False
26.28,61,65,False
48.19,64,72,False
45.26,57,94,False
36.74,59,69,False
28.12,69,68,False
39.97,68,99,False
42.57,4,59,True
33.87,46,66,False
47.78,59,87,False
96.55,56,69,True
31.85,68,94,False
37.67,52,61,False
44.46,45,80,False
25.77,38,62,False
39.46,65,80,False
31.69,53,62,False
40.61,32,60,False
32.91,35,80,False
22.52,34,98,False
30.85,58,73,False
45.24,61,87,False
34.7,59,76,False
49.42,39,83,False
22.1,66,84,False
22.46,53,97,False
47.07,48,95,False
37.46,66,96,False
32.1,33,120,True
43.95,30,94,False
41.96,68,76,False
32.55,5,86,True
42.62,36,98,False
24.25,55,91,False
21.93,68,44,True
44.94,53,71,False
26.58,66,99,False
30.54,70,75,False
25.38,66,87,False
26.7,32,41,True
38.1,58,62,False
21.83,5,98,True
22.8,30,5,True
43.53,37,90,False
35.07,58,97,False
49.27,56,97,False
48.97,61,95,False
62.99,36,68,True
73.8,67,94,True
31.3,69,78,False
48.24,66,99,False
33.88,66,100,False
31.36,54,37,True
40.25,67,78,False
47.83,40,71,False
20.46,60,73,False
28.85,55,82,False
98.3,55,87,True
42.8,42,76,False
20.71,35,71,False
40.06,48,82,False
27.58,47,86,False
21.65,57,98,False
27.95,38,75,False
38.09,40,76,False
28.73,56,62,False
41.83,33,80,False
47.92,65,73,False
28.25,61,69,False
31.51,49,83,False
31.22,38,77,False
25.38,59,73,False
24.39,80,65,True
34.95,40,67,False
33.22,70,68,False
59.85,83,66,True
46.92,45,98,False
47.75,57,77,False
28.58,31,68,False
25.17,67,78,False
40.99,59,70,False
37.38,34,69,False
22.85,49,93,False
32.45,32,86,False
29.81,57,76,False
47.2,52,63,False
37.34,36,68,False
26.72,49,74,False
37.67,38,88,False
42.55,48,91,False
24.11,31,95,False
44.14,38,90,False
47.03,35,76,False
29.1,65,69,False
20.92,46,88,False
42.96,60,62,False
27.26,52,78,False
37.64,58,74,False
48.84,52,82,False
25.78,56,96,False
56.78,34,71,True
20.41,60,87,False
29.82,43,77,False
41.53,30,90,False
37.6,45,74,False
38.66,42,117,True
22.67,51,84,False
31.56,61,67,False
22.41,35,91,False
37.8,41,62,False
37.19,52,80,False
45.18,53,63,False
23.33,34,1,True
40.12,59,98,False
37.42,68,84,False
32.77,62,82,False
33.81,66,82,False
22.83,38,88,False
43.83,64,61,False
21.53,49,83,False
21.64,65,60,False
45.78,51,87,False
20.76,59,79,False
87.22,65,62,True
27.03,57,91,False
21.8,68,26,True
45.6,44,100,False
58.89,35,82,True
27.34,59,78,False
87.29,55,64,True
32.14,73,61,True
29.29,36,87,False
38.01,65,93,False
35.22,39,63,False
45.15,62,70,False
40.74,50,95,False
26.02,40,96,False
29.4,62,61,False
25.38,61,69,False
22.81,68,111,True
42.99,30,91,False
47.52,59,69,False
46.11,72,70,True
41.46,68,88,False
37.03,39,81,False
41.25,36,93,False
37.93,44,79,False
29.73,53,64,False
37.0,84,75,True
36.78,61,73,False
6.85,70,92,True
43.22,63,96,False
44.28,48,91,False
48.75,44,66,False
41.84,62,70,False
46.2,57,93,False
23.59,34,69,False
42.52,36,76,False
23.87,35,100,False
25.91,31,96,False
40.13,35,73,False
37.79,45,93,False
81.0,39,67,True
44.79,32,61,False
42.3,48,94,False
29.97,50,85,False
43.05,53,63,False
44.11,22,98,True
24.24,60,63,False
22.85,67,61,False
21.17,46,69,False
43.58,33,61,False
92.86,60,64,True
44.03,34,87,False
33.06,51,76,False
20.08,49,62,False
48.75,34,81,False
49.69,63,60,False
28.13,66,23,True
34.28,50,75,False
33.32,37,74,False
39.51,75,100,True
49.29,34,83,False
45.43,51,70,False
46.58,65,68,False
37.29,64,76,False
43.07,65,99,False
35.91,49,60,False
20.66,49,90,False
42.14,46,83,False
43.76,59,89,False
21.63,29,74,True
33.66,41,65,False
39.9,53,18,True
36.81,33,95,False
40.35,50,80,False
35.23,65,68,False
26.98,68,74,False
37.32,53,100,False
41.49,48,91,False
28.49,67,99,False
39.42,48,98,False
23.61,57,71,False
23.33,44,67,False
22.8,55,84,False
22.9,63,74,False
46.6,58,87,False
40.67,38,81,False
32.48,49,19,True
30.85,50,93,False
21.05,16,88,True
41.12,37,73,False
48.01,37,86,False
32.41,36,87,False
30.99,31,87,False
33.33,40,93,False
34.03,57,69,False
45.18,33,93,False
2.64,47,72,True
27.55,68,79,False
40.01,51,65,False
45.35,44,85,False
34.55,54,98,False
38.16,44,92,False
46.21,39,91,False
34.83,47,75,False
90.04,57,64,True
47.54,44,72,False
38.38,59,98,False
36.11,100,67,True
45.81,51,76,False
30.51,70,70,False
41.8,89,95,True
46.93,32,97,False
46.09,43,92,False
49.51,37,71,False
42.4,52,70,False
37.9,73,95,True
44.46,59,85,False
30.29,38,93,False
30.39,34,98,False
24.08,63,22,True
27.41,44,98,False
23.02,35,99,False
43.06,69,71,False
22.76,60,99,False
48.89,53,77,False
47.05,45,77,False
42.04,66,75,False
43.28,38,88,False
36.65,45,61,False
29.6,63,94,False
36.93,50,69,False
47.38,40,94,False
32.86,55,91,False
32.92,31,62,False
20.61,44,89,False
36.07,45,86,False
23.26,34,90,False
45.93,45,95,False
28.48,39,80,False
33.79,31,100,False
27.63,32,96,False
37.97,33,70,False
31.88,37,87,False
33.25,30,63,False
45.77,60,63,False
30.07,70,83,False
24.89,66,88,False
46.7,31,68,False
38.7,60,73,False
30.23,54,36,True
41.21,36,86,False
43.6,37,75,False
28.38,48,12,True
22.26,70,88,False
39.9,65,74,False
44.43,61,98,False
21.92,66,98,False
44.33,51,92,False
25.89,52,77,False
37.53,58,81,False
23.77,53,70,False
43.14,37,71,False
28.96,39,62,False
21.25,48,27,True
35.96,48,97,False
21.11,63,63,False
21.68,71,79,True
43.17,98,86,True
50.27,57,70,True
96.63,45,78,True
42.84,55,97,False
24.76,58,78,False
37.23,34,97,False
38.08,56,96,False
39.86,48,15,True
32.67,55,75,False
27.33,58,65,False
27.29,36,74,False
21.68,54,86,False
40.85,43,83,False
23.33,41,85,False
37.48,47,71,False
32.88,67,77,False
46.57,50,73,False
32.28,39,67,False
48.52,60,61,False
37.7,53,63,False
37.86,74,88,True
38.89,41,83,False
48.14,31,82,False
21.86,37,94,False
31.6,67,109,True
48.02,40,99,False
31.55,35,82,False
20.73,36,64,False
30.84,40,81,False
15.24,90,69,True
44.39,68,92,False
48.37,58,100,False
84.72,39,98,True
35.08,61,65,False
23.46,68,84,False
30.57,58,72,False
32.2,31,75,False
77.54,58,64,True
45.68,25,96,True
37.45,34,100,False
51.13,62,85,True
44.79,68,77,False
24.99,37,93,False
35.76,38,110,True
48.46,13,94,True
23.37,64,100,False
21.19,60,77,False
40.05,41,80,False
23.74,7,79,True
31.75,66,99,False
36.08,63,29,True
66.83,44,64,True
46.5,66,78,False
48.76,63,70,False
46.42,61,84,False
38.24,66,35,True
32.41,57,86,False
39.51,47,61,False
25.47,39,91,False
46.45,36,44,True
42.41,50,81,False
43.22,38,72,False
25.47,34,98,False
70.76,80,60,True
23.62,60,84,False
29.32,60,80,False
33.04,69,10,True
70.11,52,90,True
39.05,66,77,False
29.88,32,100,False
38.66,94,69,True
30.77,35,78,False
27.65,92,83,True
45.3,66,82,False
41.29,63,49,True
42.9,41,82,False
27.02,67,98,False
44.41,52,90,False
28.13,52,69,False
47.46,32,65,False
38.05,52,61,False
43.14,39,96,False
28.02,69,14,True
33.16,20,70,True
29.61,44,66,False
49.2,47,73,False
43.05,57,80,False
29.3,59,86,False
31.72,80,99,True
27.82,59,62,False
28.67,52,96,False
48.06,69,76,False
25.53,55,73,False
81.72,67,71,True
35.43,45,89,False
32.17,59,64,False
20.96,69,88,False
21.85,69,77,False
32.72,61,73,False
37.47,41,66,False
31.6,66,81,False
30.2,54,87,False
44.86,26,85,True
23.62,70,76,False
48.3,40,54,True
37.82,56,87,False
36.2,67,80,False
37.74,66,71,False
43.57,47,99,False
31.73,59,95,False
33.04,51,44,True
41.94,39,66,False
82.86,55,93,True
54.43,51,73,True
49.79,53,33,True
28.27,69,83,False
21.85,37,99,False
31.25,64,84,False
39.12,44,68,False
38.76,42,62,False
43.19,37,97,False
43.18,33,82,False
25.32,32,64,False
57.57,68,68,True
35.42,55,88,False
23.33,56,71,False
27.92,36,69,False
44.44,31,61,False
37.55,68,100,False
46.9,56,29,True
23.31,40,99,False
34.96,56,66,False
2.23,51,61,True
35.3,32,96,False
21.66,30,100,False
13.46,34,80,True
22.35,34,87,False
3.46,30,65,True
20.15,46,76,False
37.63,40,114,True
74.07,41,85,True
44.08,62,78,False
38.67,34,63,False
91.06,85,62,True
38.75,34,66,False
25.32,100,90,True
30.64,52,68,False
60.97,69,94,True
22.52,45,91,False
89.43,54,79,True
44.85,69,95,False
35.32,72,95,True
21.67,53,96,False
37.28,30,64,False
12.17,34,69,True
55.29,67,78,True
33.54,52,70,False
34.21,52,100,False
49.44,50,85,False
24.68,55,85,False
40.43,33,84,False
46.02,57,77,False
47.3,48,76,False
34.33,35,95,False
43.98,68,94,False
71.59,41,106,True
33.65,51,100,False
69.73,42,73,True
29.24,68,88,False
21.03,47,99,False
29.05,58,73,False
96.94,38,82,True
27.21,37,68,False
91.55,56,64,True
27.61,67,85,False
35.88,0,98,True
42.06,51,98,False
32.69,26,77,True
26.95,57,90,False
26.74,57,87,False
49.47,54,84,False
48.65,94,61,True
23.5,69,21,True
28.41,56,95,False
26.82,55,95,False
48.51,32,80,False
39.41,39,68,False
75.58,97,60,True
25.23,66,96,False
38.98,59,85,False
38.62,43,16,True
36.25,56,82,False
35.34,54,82,False
25.03,56,97,False
39.95,56,73,False
37.97,31,84,False
50.28,48,99,True
44.14,58,67,False
24.63,64,89,False
43.83,36,80,False
47.27,44,60,False
41.42,55,60,False
36.75,58,78,False
46.09,46,27,True
21.1,55,85,False
26.0,68,97,False
36.98,69,97,False
46.72,58,92,False
20.57,100,60,True
42.35,46,94,False
34.17,67,75,False
20.11,63,89,False
41.06,56,80,False
49.39,68,100,False
45.23,68,78,False
45.8,48,85,False
47.34,63,75,False
36.43,58,61,False
45.8,49,74,False
44.63,36,76,False
45.41,64,85,False
38.81,51,96,False
31.59,47,67,False
96.05,56,84,True
44.18,38,83,False
26.38,68,94,False
84.81,51,86,True
29.43,52,64,False
53.52,43,65,True
24.69,61,71,False
30.96,35,91,False
39.84,45,87,False
25.71,37,78,False
24.84,61,68,False
23.49,52,90,False
40.57,60,65,False
31.11,67,84,False
39.05,52,100,False
39.22,44,61,False
31.73,36,97,False
48.71,69,84,False
23.37,61,33,True
30.03,51,91,False
22.86,31,68,False
33.31,32,63,False
29.51,61,71,False
46.43,68,64,False
38.47,61,94,False
39.42,53,92,False
26.16,67,92,False
23.25,60,95,False
48.7,30,71,False
14.97,67,75,True
23.36,63,34,True
35.27,30,79,False
43.09,54,100,False
24.04,56,62,False
33.5,36,97,False
90.35,68,98,True
20.51,34,93,False
20.33,43,64,False
39.74,36,69,False
47.44,23,93,True
34.36,34,86,False
31.47,52,89,False
49.94,46,97,False
21.81,58,87,False
47.53,48,83,False
45.11,31,67,False
38.04,59,96,False
22.45,16,95,True
31.88,60,66,False
38.68,63,96,False
30.01,63,69,False
42.74,24,90,True
32.46,46,81,False
33.22,43,94,False
32.5,36,63,False
36.78,35,86,False
26.95,31,91,False
40.73,68,86,False
20.16,53,66,False
46.86,57,72,False
36.78,65,86,False
25.12,97,83,True
95.13,37,85,True
40.48,37,69,False
42.73,52,99,False
51.45,66,85,True
28.85,61,87,False
35.56,41,85,False
35.91,49,63,False
42.87,70,73,False
25.26,40,79,False
22.17,98,81,True
41.14,56,91,False
20.43,99,73,True
49.92,47,70,False
49.8,69,77,False
37.73,36,60,False
41.94,45,97,False
64.77,54,97,True
26.9,45,62,False
23.91,35,40,True
22.49,47,75,False
37.5,59,90,False
41.49,70,83,False
69.8,70,6,True
39.57,39,6,True
45.43,55,77,False
43.42,70,96,False
29.15,41,69,False
44.11,49,60,False
32.78,49,83,False
46.08,34,91,False
42.94,42,112,True
26.5,64,72,False
27.19,63,87,False
30.8,42,80,False
31.02,46,95,False
28.19,48,76,False
37.99,56,65,False
46.94,40,89,False
32.03,58,85,False
36.82,37,72,False
24.39,51,85,False
46.45,56,84,False
29.13,59,11,True
29.26,53,16,True
33.39,42,79,False
22.6,31,69,False
4.21,40,77,True
30.87,44,82,False
32.8,60,72,False
25.51,56,19,True
27.35,53,73,False
45.24,38,92,False
28.08,39,96,False
46.29,69,80,False
32.09,61,88,False
29.35,70,72,False
39.26,66,98,False
44.91,60,91,False
43.79,47,96,False
40.88,47,83,False
46.37,34,67,False
43.65,38,81,False
44.76,50,87,False
25.83,66,69,False
93.68,44,80,True
48.1,35,73,False
44.4,38,81,False
30.47,32,64,False
30.49,34,67,False
28.27,42,80,False
38.09,61,88,False
27.77,41,60,False
21.62,67,77,False
45.57,50,95,False
23.68,58,38,True
39.84,61,84,False
33.96,36,120,True
35.95,50,73,False
45.13,98,70,True
38.83,45,66,False
48.77,52,82,False
42.41,30,92,False
21.32,69,91,False
29.41,48,63,False
39.51,65,95,False
9.15,41,82,True
24.63,60,91,False
29.46,52,62,False
31.84,70,79,False
46.1,34,77,False
23.33,39,65,False
25.58,59,77,False
48.11,96,65,True
37.86,54,23,True
37.18,51,62,False
49.45,54,92,False
33.39,69,76,False
46.16,67,63,False
49.62,49,60,False
49.45,70,84,False
41.56,56,79,False
36.82,34,70,False
35.02,60,69,False
20.01,57,82,False
39.96,54,78,False
29.42,36,74,False
25.74,41,62,False
24.74,43,79,False
33.54,33,97,False
48.77,32,30,True
40.48,45,97,False
41.44,57,78,False
46.39,66,81,False
24.73,66,62,False
38.83,48,92,False
48.76,54,97,False
24.65,66,66,False
55.04,34,78,True
40.14,68,61,False
28.12,31,61,False
65.04,45,85,True
33.7,53,100,False
35.61,63,68,False
33.79,37,69,False
24.72,58,42,True
34.55,48,70,False
31.09,57,21,True
22.63,34,69,False
29.29,50,67,False
68.63,37,85,True
39.42,65,99,False
37.9,51,85,False
44.17,47,92,False
29.31,51,75,False
39.32,61,87,False
47.45,40,66,False
25.23,30,71,False
49.52,63,69,False
33.51,25,98,True
26.77,37,86,False
26.67,57,61,False
37.7,40,71,False
45.33,33,60,False
39.9,39,97,False
46.84,50,75,False
35.25,39,81,False
40.78,31,86,False
27.5,33,108,True
21.03,47,100,False
47.84,46,68,False
32.77,66,100,False
27.53,50,96,False
32.6,60,100,False
26.69,63,97,False
48.97,69,100,False
17.29,55,68,True
40.51,70,73,False
27.96,70,4,True
45.54,69,64,False
25.06,35,17,True
44.8,30,69,False
41.2,64,71,False
20.62,61,78,False
49.62,35,67,False
40.92,56,84,False
31.76,58,99,False
35.37,38,67,False
36.4,49,91,False
23.04,38,83,False
31.96,45,89,False
28.95,53,95,False
24.28,65,80,False
41.1,55,76,False
30.06,63,86,False
44.27,67,71,False
36.31,32,83,False
34.85,43,95,False
41.35,8,91,True
30.99,45,76,False
34.7,51,67,False
42.92,38,98,False
36.79,49,97,False
46.37,53,88,False
48.45,58,61,False
49.24,36,82,False
41.93,59,84,False
22.42,48,69,False
43.22,37,91,False
52.27,63,74,True
40.16,31,35,True
48.15,32,94,False
21.46,70,98,False
48.28,44,92,False
33.1,34,81,False
25.99,44,97,False
47.71,57,99,False
23.82,48,62,False
40.75,53,75,False
66.17,1,61,True
21.62,53,73,False
24.97,54,71,False
21.45,69,98,False
48.31,52,70,False
22.06,68,100,False
32.01,57,61,False
41.04,47,77,False
21.59,56,108,True
27.45,42,68,False
39.46,52,45,True
29.15,65,76,False
27.1,39,94,False
77.04,39,82,True
31.91,53,93,False
33.47,45,97,False
30.88,57,98,False
48.42,62,94,False
25.37,60,79,False
44.46,48,64,False
48.74,36,66,False
48.64,30,94,False
41.41,61,95,False
33.68,38,99,False
22.82,61,85,False
34.58,62,87,False
36.58,44,81,False
44.35,52,82,False
83.71,83,83,True
36.19,38,65,False
40.69,59,87,False
32.41,55,70,False
28.36,45,61,False
88.19,36,93,True
26.66,65,91,False
35.41,82,72,True
37.91,53,90,False
37.42,30,85,False
31.85,59,65,False
44.31,60,63,False
42.06,88,77,True
34.94,67,87,False
38.23,53,64,False
24.11,43,74,False
39.72,49,65,False
22.92,45,77,False
44.7,49,92,False
37.61,44,76,False
48.59,56,98,False
26.18,46,93,False
32.39,57,85,False
32.45,35,100,False
35.22,90,82,True
32.58,60,87,False
12.57,37,88,True
37.65,36,68,False
35.66,56,95,False
32.18,64,83,False
43.07,58,82,False
42.39,43,90,False
25.15,66,72,False
23.56,34,80,False
33.35,36,69,False
26.24,70,61,False
50.19,70,106,True
29.8,59,66,False
43.05,30,78,False
20.63,60,118,True
40.23,55,70,False
37.47,35,65,False
43.11,36,89,False
20.13,60,60,False
24.34,53,73,False
20.06,38,64,False
44.07,37,97,False
30.55,40,74,False
20.76,13,61,True
43.2,56,62,False
36.94,42,69,False
20.48,62,75,False
38.51,37,67,False
46.68,44,82,False
41.58,57,81,False
28.71,69,79,False
25.02,52,83,False
32.74,39,74,False
24.73,58,100,False
21.67,38,82,False
24.99,67,89,False
83.04,43,86,True
60.31,56,80,True
45.04,58,77,False
38.64,34,98,False
30.78,58,80,False
35.66,61,72,False
31.1,33,73,False
48.81,64,77,False
44.53,34,71,False
21.09,40,97,False
37.29,55,81,False
24.03,66,77,False
37.09,40,74,False
55.86,61,64,True
47.32,35,99,False
39.57,36,60,False
42.49,66,66,False
33.03,66,65,False
74.87,67,96,True
42.47,59,12,True
32.96,67,63,False
48.96,42,98,False
34.95,65,92,False
40.43,50,80,False
21.49,56,77,False
20.03,36,106,True
42.1,62,95,False
47.02,64,75,False
28.08,42,71,False
38.12,70,96,False
27.96,36,60,False
36.36,31,66,False
22.04,41,113,True
47.09,36,95,False
35.05,44,83,False
37.89,53,90,False
40.47,55,92,False
38.61,54,70,False
45.01,60,6,True
64.9,62,5,True
26.54,60,75,False
16.17,35,98,True
48.02,55,76,False
21.93,42,74,False
32.21,50,92,False
27.68,42,95,False
39.52,31,78,False
63.05,45,107,True
29.68,66,89,False
53.52,36,108,True
38.18,55,71,False
36.67,68,73,False
23.0,50,92,False
38.7,33,98,False
36.39,60,74,False
29.56,40,61,False
30.99,63,95,False
23.57,64,87,False
27.34,47,98,False
85.41,52,68,True
27.14,41,84,False
24.57,41,79,False
33.37,31,87,False
47.75,69,96,False
44.08,36,85,False
41.39,46,79,False
42.15,64,80,False
33.4,65,78,False
43.93,67,60,False
49.82,39,84,False
43.65,49,95,False
51.07,37,90,True
37.54,34,73,False
34.29,30,93,False
34.06,67,100,False
22.21,61,75,False
27.9,54,99,False
44.51,58,100,False
42.19,47,60,False
55.8,48,90,True
46.66,32,98,False
25.61,42,68,False
21.54,62,42,True
20.65,35,68,False
25.83,42,61,False
39.53,41,84,False
48.86,59,99,False
47.62,52,91,False
43.54,63,65,False
21.71,48,61,False
26.67,45,98,False
24.99,52,94,False
36.44,31,85,False
64.77,47,67,True
44.8,51,79,False
49.58,67,71,False
43.86,51,77,False
30.26,64,81,False
27.09,0,71,True
40.9,57,13,True
35.26,46,89,False
31.35,93,67,True
31.68,61,79,False
86.03,42,69,True
42.33,50,87,False
39.64,56,73,False
83.05,47,69,True
35.51,63,79,False
48.47,66,108,True
28.98,35,97,False
31.48,47,72,False
41.66,32,67,False
28.89,54,90,False
40.32,48,91,False
37.93,66,62,False
34.43,36,67,False
85.3,59,70,True
98.51,33,68,True
37.48,50,61,False
49.71,47,71,False
26.38,61,9,True
34.99,58,71,False
30.18,73,75,True
44.78,61,94,False
36.5,34,64,False
58.32,54,99,True
21.21,70,83,False
38.55,55,98,False
43.39,54,83,False
22.64,46,60,False
22.85,65,83,False
44.24,38,111,True
21.01,42,93,False
52.46,56,91,True
23.63,46,75,False
42.28,58,77,False
46.32,70,71,False
39.82,52,65,False
42.01,66,88,False
22.45,68,67,False
49.24,45,95,False
39.72,59,92,False
39.24,35,77,False
33.97,65,93,False
24.13,91,79,True
23.26,70,66,False
49.62,54,63,False
7.21,24,78,True
41.63,67,98,False
31.19,45,99,False
39.23,54,75,False
45.52,52,97,False
21.04,75,80,True
29.46,49,68,False
48.3,47,94,False
31.82,38,69,False
49.15,35,99,False
39.71,65,89,False
30.7,57,61,False
21.98,37,66,False
34.5,61,76,False
41.55,41,81,False
32.31,50,84,False
29.83,59,99,False
21.45,58,97,False
31.83,56,70,False
45.08,37,69,False
29.93,31,87,False
23.28,58,67,False
34.82,61,82,False
39.58,64,69,False
25.23,40,82,False
78.36,54,69,True
46.33,54,65,False
36.7,68,97,False
28.25,40,69,False
42.01,65,77,False
32.2,43,90,False
31.6,69,63,False
23.7,49,35,True
27.16,45,94,False
40.81,54,73,False
29.12,68,75,False
44.53,70,74,False
49.27,33,87,False
17.82,52,96,True
41.65,88,89,True
20.02,45,84,False
24.1,54,89,False
28.41,54,67,False
41.5,33,80,False
20.27,30,88,False
42.62,52,5,True
44.68,49,61,False
43.66,69,66,False
29.18,38,85,False
26.84,37,69,False
35.48,41,91,False
24.92,63,79,False
23.38,68,96,False
31.62,2,68,True
27.16,40,93,False
47.96,55,60,False
47.73,59,98,False
49.12,50,99,False
21.84,60,70,False
24.45,50,96,False
20.62,43,89,False
33.63,46,67,False
25.31,57,86,False
24.55,64,84,False
33.24,63,60,False
39.21,68,95,False
26.24,30,76,False
43.02,40,68,False
49.48,64,77,False
42.51,39,71,False
36.39,66,89,False
40.24,48,66,False
24.1,30,35,True
28.97,68,68,False
20.84,66,81,False
29.79,39,67,False
31.44,39,83,False
37.98,42,77,False
37.24,58,71,False
37.93,48,94,False
36.2,46,2,True
25.87,63,95,False
28.27,38,96,False
31.96,38,64,False
26.78,69,96,False
45.57,45,98,False
47.3,51,80,False
20.37,34,65,False
39.68,48,86,False
32.05,49,93,False
32.66,59,67,False
32.69,43,77,False
39.01,69,90,False
30.25,28,71,True
46.15,34,82,False
36.38,47,63,False
32.6,70,75,False
41.78,36,100,False
23.9,57,98,False
20.89,66,95,False
40.66,67,8,True
46.95,52,86,False
28.68,32,71,False
35.21,45,86,False
30.08,51,91,False
26.56,64,60,False
83.15,64,77,True
25.29,53,79,False
33.3,30,95,False
28.32,46,96,False
49.4,62,61,False
31.27,48,81,False
42.99,38,66,False
47.06,43,78,False
44.89,64,79,False
29.42,60,76,False
42.31,55,28,True
20.14,39,69,False
46.03,63,87,False
20.14,33,71,False
29.91,48,92,False
46.03,66,67,False
33.78,64,87,False
33.91,41,60,False
29.38,11,36,True
86.78,47,82,True
20.68,62,67,False
27.96,52,106,True
36.99,39,90,False
31.71,38,98,False
24.57,13,61,True
44.76,36,60,False
36.95,63,67,False
43.23,48,50,True
36.9,47,99,False
37.79,70,89,False
46.88,52,68,False
25.9,35,79,False
89.14,50,73,True
36.89,17,72,True
22.55,47,60,False
33.68,43,76,False
37.98,64,85,False
34.05,52,65,False
23.67,27,84,True
48.89,51,88,False
31.59,33,78,False
24.48,42,94,False
23.39,45,64,False
32.34,35,80,False
47.82,68,96,False
49.67,37,63,False
49.29,41,66,False
36.56,52,67,False
32.92,35,61,False
48.7,40,85,False
30.57,50,78,False
43.17,43,68,False
37.41,36,92,False
44.14,65,94,False
41.83,35,92,False
43.87,74,81,True
37.64,40,87,False
37.18,88,95,True
38.83,54,68,False
31.88,44,97,False
35.34,37,62,False
20.8,60,76,False
35.01,39,66,False
25.77,69,95,False
39.17,57,91,False
21.15,43,100,False
27.8,50,90,False
38.83,34,95,False
45.14,42,57,True
42.92,34,75,False
23.09,32,69,False
18.28,48,75,True
39.41,57,65,False
20.28,38,72,False
29.86,57,97,False
48.38,39,77,False
23.96,53,96,False
46.13,66,89,False
32.48,70,77,False
35.3,31,62,False
87.83,58,50,True
47.13,60,63,False
39.72,55,89,False
23.67,67,71,False
47.42,5,60,True
37.17,43,95,False
24.85,70,100,False
20.54,53,97,False
40.95,55,91,False
40.68,69,65,False
25.44,50,91,False
30.48,30,80,False
63.15,32,91,True
38.51,33,70,False
26.8,64,81,False
39.59,50,95,False
46.69,47,61,False
59.63,69,62,True
29.1,65,64,False
49.06,37,95,False
24.5,45,88,False
23.07,42,87,False
31.55,47,69,False
47.47,39,74,False
54.18,100,92,True
23.09,89,25,True
33.52,49,98,False
31.63,54,99,False
46.11,30,23,True
25.89,41,45,True
24.74,51,64,False
49.32,97,66,True
44.83,44,78,False
22.78,49,92,False
40.8,67,100,False
42.65,60,75,False
26.79,54,92,False
24.27,52,99,False
26.64,53,83,False
29.45,59,65,False
33.22,35,84,False
31.32,65,87,False
28.46,48,65,False
72.55,31,66,True
40.62,34,76,False
39.23,70,71,False
22.57,41,88,False
44.61,63,64,False
40.14,60,92,False
41.58,32,96,False
36.85,46,61,False
42.96,38,95,False
48.56,55,87,False
37.59,52,100,False
45.85,52,97,False
40.0,93,67,True
26.27,38,94,False
22.07,53,62,False
40.09,34,87,False
47.55,58,82,False
20.42,55,81,False
37.34,46,100,False
11.43,59,64,True
33.65,63,83,False
42.67,47,78,False
29.8,64,71,False
46.31,34,69,False
22.52,63,83,False
42.64,52,91,False
36.62,41,86,False
32.08,44,78,False
48.13,66,83,False
36.51,54,75,False
26.65,50,91,False
28.3,43,81,False
46.49,67,78,False
33.64,49,72,False
31.21,40,100,False
26.86,32,77,False
46.63,47,65,False
45.0,38,67,False
30.48,58,60,False
45.87,34,81,False
31.46,59,63,False
20.52,40,99,False
23.1,40,82,False
34.95,52,99,False
25.94,38,87,False
13.74,84,97,True
46.62,30,85,False
44.68,37,87,False
42.44,39,61,False
49.1,51,63,False
25.33,56,78,False
30.9,54,78,False
39.86,57,62,False
23.63,64,95,False
22.51,69,97,False
33.57,63,98,False
37.83,49,66,False
20.83,44,79,False
48.37,65,75,False
42.99,48,91,False
49.76,31,62,False
25.16,59,71,False
28.51,68,87,False
46.8,27,80,True
20.4,35,88,False
26.2,3,86,True
24.85,70,81,False
41.03,45,100,False
82.45,62,69,True
61.42,65,91,True
29.49,50,65,False
40.16,49,65,False
33.82,40,100,False
22.05,63,107,True
26.37,65,88,False
30.74,53,85,False
73.64,36,88,True
28.93,50,67,False
41.76,41,76,False
49.63,42,82,False
49.98,35,56,True
21.16,32,75,False
77.19,36,66,True
95.39,54,91,True
29.93,66,94,False
46.32,68,62,False
36.23,40,71,False
20.3,53,39,True
21.11,59,76,False
33.12,50,75,False
29.75,49,81,False
23.88,61,78,False
38.13,30,60,False
35.28,31,100,False
43.93,56,65,False
23.48,54,94,False
43.84,31,78,False
35.01,50,75,False
40.07,45,69,False
25.86,57,98,False
26.41,66,97,False
24.85,37,76,False
27.25,61,89,False
32.53,69,92,False
40.79,42,72,False
40.13,47,71,False
26.99,47,80,False
39.76,34,85,False
47.06,32,100,False
24.8,47,61,False
20.64,16,61,True
37.5,65,75,False
30.91,58,96,False
36.92,57,83,False
30.34,68,71,False
27.84,58,87,False
40.76,46,87,False
46.43,68,45,True
43.73,37,79,False
35.81,53,90,False
23.14,44,71,False
42.23,44,85,False
36.23,51,62,False
41.0,66,76,False
20.51,48,60,False
43.23,66,29,True
31.69,62,74,False
21.07,53,95,False
34.25,58,97,False
44.71,73,82,True
46.72,52,84,False
45.78,55,97,False
41.63,46,90,False
24.63,64,20,True
39.82,59,89,False
45.67,58,32,True
49.91,43,73,False
25.42,61,80,False
48.58,38,74,False
23.54,52,94,False
31.68,47,91,False
26.72,57,93,False
30.37,49,86,False
47.98,25,64,True
20.14,59,65,False
28.67,45,93,False
34.51,49,62,False
31.1,46,60,False
27.91,35,94,False
27.4,70,79,False
48.42,69,90,False
38.55,56,89,False
37.99,39,62,False
34.13,36,76,False
24.34,64,100,False
47.4,49,44,True
48.02,51,51,True
35.98,35,97,False
3.33,69,63,True
44.88,38,74,False
82.41,42,94,True
46.61,47,46,True
20.19,54,93,False
32.55,50,5,True
94.17,51,83,True
44.78,70,87,False
22.42,62,85,False
30.26,59,120,True
48.6,42,77,False
49.03,70,65,False
46.34,31,72,False
47.84,36,92,False
47.97,70,84,False
44.3,62,83,False
28.1,51,73,False
46.87,50,99,False
40.17,48,87,False
93.79,46,63,True
2.8,42,81,True
85.74,38,76,True
23.0,33,21,True
32.67,51,95,False
36.61,50,60,False
21.38,31,93,False
29.02,35,94,False
45.43,57,67,False
47.39,43,78,False
35.02,69,72,False
25.09,49,74,False
42.9,64,71,False
29.67,68,98,False
28.9,65,67,False
23.2,50,95,False
20.6,42,96,False
29.91,61,93,False
27.68,42,61,False
36.79,41,93,False
36.06,69,75,False
84.44,46,75,True
38.33,31,84,False
49.69,50,68,False
25.61,59,118,True
21.8,30,95,False
33.74,49,88,False
31.91,37,83,False
1.81,53,72,True
43.3,44,85,False
29.62,50,11,True
35.5,66,70,False
47.65,45,90,False
45.65,39,80,False
31.54,7,13,True
25.91,88,86,True
27.8,35,84,False
27.78,48,28,True
40.62,88,37,True
21.05,59,26,True
36.9,40,82,False
45.65,50,61,False
30.87,40,4,True
23.82,41,93,False
7.75,32,10,True
44.13,46,63,False
35.93,52,70,False
38.08,54,71,False
26.99,42,78,False
28.63,64,88,False
42.84,61,75,False
49.62,61,73,False
48.48,50,88,False
47.12,65,68,False
25.75,56,87,False
48.69,42,69,False
98.73,60,80,True
48.96,67,72,False
38.92,37,66,False
22.72,39,78,False
45.24,96,96,True
25.05,43,69,False
40.72,46,67,False
40.82,32,76,False
43.32,66,41,True
31.45,68,69,False
38.09,34,74,False
35.58,41,61,False
94.54,30,71,True
97.64,68,81,True
46.33,41,87,False
30.43,60,93,False
44.58,41,97,False
47.84,57,64,False
59.06,38,95,True
43.41,57,62,False
31.33,53,87,False
28.07,47,60,False
41.07,40,84,False
38.86,59,63,False
32.83,56,78,False
34.99,52,92,False
21.11,1,83,True
29.13,53,62,False
20.54,54,76,False
26.05,42,66,False
37.47,45,83,False
33.31,62,68,False
24.73,68,95,False
42.01,38,96,False
27.61,51,85,False
49.09,50,39,True
20.33,48,99,False
46.48,69,112,True
24.82,68,64,False
26.1,60,16,True
36.01,50,76,False
28.31,24,0,True
29.54,19,76,True
33.68,63,102,True
28.4,39,71,False
45.79,31,93,False
27.58,40,80,False
41.61,59,66,False
23.14,67,62,False
25.19,54,76,False
24.78,35,113,True
46.63,52,94,False
50.6,54,75,True
23.96,63,82,False
21.05,49,100,False
30.52,44,10,True
34.51,63,83,False
43.04,58,67,False
25.12,43,86,False
43.37,58,96,False
37.9,58,61,False
45.38,61,78,False
49.54,64,67,False
44.03,52,82,False
27.93,32,68,False
30.0,63,65,False
20.5,70,76,False
26.01,55,66,False
34.1,40,94,False
31.71,53,98,False
31.65,44,62,False
29.51,51,76,False
49.09,67,68,False
30.85,48,97,False
35.77,61,75,False
22.68,70,86,False
21.06,63,87,False
41.23,38,72,False
47.43,53,74,False
90.66,37,94,True
36.95,52,72,False
29.34,69,92,False
37.16,33,84,False
41.19,55,96,False
23.77,53,65,False
37.83,44,86,False
31.15,40,61,False
32.65,41,69,False
27.93,47,73,False
39.63,40,76,False
27.57,63,31,True
71.6,55,24,True
29.55,69,87,False
29.14,30,68,False
52.11,57,76,True
28.51,62,97,False
13.5,44,23,True
46.18,62,94,False
23.87,67,92,False
25.86,68,68,False
29.94,69,85,False
25.6,65,67,False
46.64,58,76,False
31.91,54,91,False
27.14,32,83,False
25.9,35,97,False
39.29,43,65,False
23.6,54,90,False
27.43,62,67,False
30.29,38,100,False
22.23,44,85,False
36.32,66,81,False
21.82,21,88,True
22.94,65,69,False
29.77,67,89,False
45.86,30,73,False
45.87,47,84,False
41.94,68,63,False
45.29,33,98,False
45.67,65,57,True
24.7,61,68,False
22.12,45,69,False
21.85,55,62,False
39.73,45,93,False
33.35,14,71,True
33.58,40,97,False
21.16,44,80,False
29.84,68,69,False
41.76,52,91,False
20.79,66,68,False
49.84,70,88,False
30.76,55,98,False
39.87,53,98,False
49.61,43,73,False
29.68,59,87,False
49.46,41,78,False
56.97,58,34,True
31.47,65,72,False
29.67,84,90,True
48.13,54,97,False
39.92,46,90,False
20.48,49,75,False
42.99,30,64,False
25.17,50,81,False
39.24,67,65,False
33.89,47,64,False
31.46,49,77,False
34.38,46,75,False
22.27,45,89,False
26.67,56,114,True
22.39,61,60,False
29.31,42,96,False
35.54,38,62,False
43.17,44,85,False
38.54,67,96,False
46.76,31,88,False
44.42,68,69,False
76.83,48,91,True
40.69,67,82,False
47.6,38,64,False
38.98,49,89,False
88.59,60,61,True
45.55,67,92,False
32.17,68,89,False
46.42,77,85,True
29.9,57,71,False
42.51,44,79,False
49.8,64,99,False
33.07,30,63,False
25.34,77,73,True
20.15,67,76,False
24.92,57,93,False
46.84,61,67,False
66.76,57,81,True
42.13,33,80,False
42.52,68,71,False
39.67,43,80,False
40.77,50,60,False
34.34,57,98,False
49.9,59,86,False
30.9,50,87,False
49.15,50,2,True
64.87,39,99,True
42.23,53,89,False
40.05,61,109,True
48.53,58,80,False
39.09,41,96,False
37.8,55,63,False
27.1,57,80,False
44.89,32,96,False
49.13,64,69,False
44.28,68,67,False
44.93,49,83,False
30.23,88,62,True
45.16,75,81,True
20.66,47,78,False
26.23,60,73,False
32.69,53,76,False
41.57,50,66,False
27.19,70,64,False
29.29,32,75,False
42.39,44,63,False
42.22,53,92,False
22.94,52,85,False
27.05,45,90,False
23.86,58,71,False
47.49,52,80,False
41.8,43,78,False
21.53,55,76,False
35.78,62,74,False
39.96,73,60,True
23.13,67,87,False
41.23,36,97,False
27.75,40,96,False
26.56,34,77,False
20.74,69,76,False
34.46,32,77,False
26.91,31,90,False
21.55,34,94,False
39.3,55,87,False
56.78,34,86,True
46.66,60,64,False
36.23,34,86,False
30.78,56,69,False
45.19,51,80,False
20.39,60,85,False
24.38,12,8,True
32.05,62,62,False
32.38,67,69,False
46.29,49,67,False
21.5,52,65,False
46.11,47,60,False
35.03,34,63,False
20.63,43,91,False
32.56,40,66,False
26.98,39,75,False
67.81,32,79,True
34.24,57,63,False
31.72,62,70,False
63.08,67,55,True
42.09,35,92,False
29.25,60,63,False
27.06,49,68,False
35.4,55,92,False
37.6,67,68,False
39.3,51,64,False
47.47,61,80,False
30.53,64,78,False
37.3,93,87,True
29.74,56,85,False
46.19,52,85,False
49.32,32,45,True
45.35,55,120,True
37.34,38,86,False
25.9,30,75,False
49.47,65,82,False
96.45,70,85,True
23.6,57,83,False
22.35,41,98,False
21.25,30,60,False
40.09,59,81,False
22.18,68,60,False
45.35,47,97,False
41.74,60,93,False
21.28,52,70,False
47.85,68,60,False
45.93,40,61,False
32.02,35,73,False
25.77,59,90,False
57.35,42,69,True
26.51,80,85,True
44.44,34,76,False
48.25,30,68,False
23.8,52,61,False
78.96,41,63,True
39.34,63,83,False
22.74,48,78,False
46.7,33,72,False
38.42,66,94,False
48.02,30,72,False
38.55,36,95,False
25.52,62,70,False
38.4,47,76,False
29.0,68,67,False
48.51,70,85,False
38.89,60,71,False
46.24,60,95,False
47.38,69,18,True
37.93,49,95,False
46.91,70,64,False
44.65,47,80,False
40.11,43,92,False
48.67,41,68,False
32.53,38,60,False
34.31,66,91,False
28.11,62,81,False
34.7,46,77,False
41.83,53,97,False
37.19,38,85,False
35.41,40,96,False
47.09,70,72,False
60.15,31,61,True
24.45,38,100,False
22.08,46,95,False
33.28,59,65,False
47.56,58,87,False
26.01,14,62,True
75.09,43,80,True
39.68,45,98,False
25.36,65,60,False
40.26,42,74,False
20.45,33,89,False
34.59,47,95,False
46.2,24,87,True
30.46,46,75,False
45.37,53,20,True
46.03,83,87,True
33.47,33,79,False
37.41,59,84,False
25.5,47,88,False
43.33,44,25,True
42.06,66,65,False
38.18,75,99,True
37.13,68,92,False
21.14,37,90,False
43.66,4,85,True
27.84,69,88,False
24.56,38,63,False
36.08,57,65,False
25.88,68,90,False
87.91,42,75,True
38.3,0,76,True
40.47,69,94,False
36.34,55,77,False
70.84,44,80,True
23.48,64,96,False
46.77,48,70,False
19.81,52,71,True
35.59,19,62,True
22.45,55,61,False
40.11,49,90,False
47.46,68,75,False
22.1,52,98,False
8.15,30,89,True
34.55,40,74,False
96.86,31,70,True
37.42,51,87,False
34.12,36,88,False
51.02,52,79,True
28.93,61,85,False
42.3,42,89,False
43.67,58,70,False
27.0,33,73,False
31.46,35,75,False
21.18,38,62,False
47.07,70,74,False
49.29,45,67,False
24.26,32,73,False
24.39,33,43,True
47.27,33,96,False
43.43,52,94,False
26.48,39,65,False
47.25,33,56,True
23.35,54,74,False
32.53,50,63,False
54.03,67,69,True
47.38,31,74,False
26.1,51,99,False
41.54,69,94,False
38.59,38,70,False
48.62,60,72,False
38.44,50,18,True
34.26,66,46,True
47.94,68,91,False
32.68,65,58,True
21.72,51,66,False
27.99,69,98,False
22.99,47,79,False
33.44,69,90,False
34.26,90,100,True
47.29,52,83,False
49.73,35,96,False
36.73,58,62,False
39.27,67,75,False
43.92,68,84,False
41.04,30,86,False
41.14,68,99,False
45.12,61,75,False
45.01,32,68,False
22.85,35,75,False
30.32,59,79,False
41.16,54,67,False
21.2,68,86,False
38.99,61,93,False
38.03,59,95,False
33.79,66,78,False
35.0,61,70,False
20.34,41,88,False
25.5,30,92,False
41.35,67,88,False
28.95,69,78,False
30.56,44,85,False
21.07,67,80,False
27.2,58,84,False
36.4,91,71,True
33.71,40,85,False
42.99,66,98,False
45.89,50,25,True
38.74,48,85,False
44.98,34,71,False
29.91,38,71,False
49.43,30,76,False
46.27,54,93,False
22.27,32,74,False
20.61,63,68,False
41.98,38,62,False
44.72,32,90,False
38.1,54,63,False
21.31,30,56,True
27.13,36,65,False
30.53,61,66,False
36.84,44,78,False
22.88,49,88,False
47.26,34,85,False
37.55,61,116,True
34.5,54,65,False
24.43,57,84,False
41.25,43,70,False
41.76,66,76,False
43.2,67,86,False
39.72,37,90,False
44.92,38,97,False
43.44,50,82,False
38.66,67,78,False
47.99,30,87,False
20.67,47,60,False
42.57,49,95,False
32.22,30,93,False
32.09,45,69,False
28.36,34,78,False
46.88,67,92,False
45.84,66,85,False
47.44,35,100,False
42.52,44,77,False
20.81,67,84,False
43.77,70,83,False
27.2,35,68,False
98.64,59,94,True
33.42,33,84,False
42.08,58,87,False
24.99,44,70,False
20.55,31,60,False
23.92,62,68,False
50.57,50,73,True
38.63,58,73,False
48.85,45,100,False
33.84,40,74,False
30.9,56,69,False
53.42,52,66,True
30.65,12,89,True
24.13,40,92,False
30.95,66,85,False
20.39,70,97,False
48.59,41,77,False
31.54,48,83,False
38.99,43,81,False
21.3,68,94,False
34.1,50,89,False
44.23,31,57,True
27.9,41,95,False
36.23,36,78,False
34.02,38,64,False
39.05,67,81,False
48.02,53,61,False
26.44,70,66,False
40.25,52,99,False
35.3,45,91,False
20.53,33,70,False
45.53,66,70,False
29.51,40,64,False
32.55,68,80,False
33.69,58,96,False
20.7,58,1,True
94.91,59,94,True
36.67,65,69,False
39.56,63,83,False
22.76,43,90,False
26.41,31,75,False
46.88,32,91,False
91.5,65,86,True
39.28,58,94,False
43.66,58,63,False
44.67,67,68,False
28.33,31,84,False
20.03,45,69,False
46.98,60,90,False
22.29,45,82,False
41.94,11,77,True
26.83,70,63,False
24.82,49,66,False
21.23,58,83,False
49.64,34,85,False
28.52,42,60,False
44.71,34,93,False
30.24,43,93,False
25.45,38,73,False
21.93,59,80,False
50.53,38,85,True
31.68,44,8,True
34.71,55,73,False
44.39,47,94,False
6.3,52,61,True
41.51,39,90,False
25.23,55,79,False
42.58,56,68,False
29.15,33,92,False
47.59,32,72,False
34.19,35,69,False
45.87,38,61,False
45.53,55,94,False
28.4,53,81,False
24.25,40,61,False
38.2,35,66,False
47.28,45,84,False
38.13,39,89,False
26.71,60,87,False
22.27,80,67,True
39.83,32,83,False
24.98,63,70,False
35.53,70,60,False
45.02,41,70,False
31.06,45,63,False
41.64,56,100,False
35.28,54,65,False
48.52,33,64,False
43.4,35,79,False
32.14,65,97,False
49.1,66,15,True
33.53,33,61,False
48.1,56,79,False
28.53,51,62,False
28.83,41,64,False
48.96,45,60,False
40.51,42,71,False
29.3,15,64,True
24.02,46,97,False
32.77,49,99,False
33.06,68,64,False
46.58,35,67,False
29.72,70,86,False
32.81,34,65,False
39.59,43,95,False
46.79,46,78,False
34.35,68,87,False
36.76,47,92,False
28.98,62,89,False
49.07,34,95,False
23.97,56,67,False
37.2,44,98,False
25.93,52,90,False
39.62,70,66,False
21.12,69,80,False
23.12,68,97,False
46.51,44,84,False
47.62,30,61,False
42.3,67,80,False
39.73,55,61,False
39.09,67,84,False
49.79,26,89,True
24.46,44,60,False
23.42,43,65,False
44.9,56,94,False
20.63,50,100,False
28.43,58,83,False
40.24,39,83,False
32.44,54,89,False
47.66,65,82,False
45.08,31,72,False
34.35,39,86,False
43.06,42,38,True
40.82,59,81,False
21.65,59,85,False
31.81,21,64,True
59.54,52,67,True
20.4,64,90,False
46.99,50,86,False
4.69,52,73,True
10.1,68,91,True
52.68,31,13,True
44.35,60,98,False
46.31,23,90,True
32.81,31,67,False
48.19,47,66,False
23.17,30,98,False
42.47,34,66,False
25.12,45,65,False
25.23,44,88,False
41.36,60,80,False
20.56,11,97,True
26.77,41,99,False
49.06,46,67,False
40.03,52,80,False
44.72,70,78,False
32.28,42,100,False
96.04,45,80,True
27.71,44,79,False
20.27,66,76,False
43.0,67,91,False
32.78,56,91,False
32.84,51,83,False
20.21,45,96,False
20.15,53,85,False
24.98,54,61,False
49.95,38,83,False
41.19,59,62,False
26.53,66,72,False
31.29,48,62,False
41.03,61,94,False
33.06,40,95,False
42.4,33,94,False
49.5,59,100,False
39.85,61,61,False
29.17,69,69,False
42.93,65,89,False
73.86,52,61,True
42.09,85,80,True
68.39,51,85,True
33.65,58,77,False
36.03,68,80,False
39.49,64,35,True
38.03,55,84,False
21.22,67,73,False
27.35,41,74,False
47.72,50,83,False
20.96,34,64,False
38.97,22,76,True
28.38,33,96,False
29.31,58,75,False
23.14,34,88,False
29.99,70,95,False
39.35,64,76,False
40.22,67,73,False
23.44,31,95,False
32.11,37,97,False
24.96,69,72,False
33.29,64,84,False
28.13,58,88,False
29.42,34,72,False
34.74,30,71,False
33.21,57,72,False
27.83,37,83,False
41.82,30,82,False
47.6,66,85,False
37.09,32,11,True
40.16,50,98,False
98.81,53,63,True
29.89,40,84,False
30.43,40,84,False
34.38,46,87,False
41.06,63,82,False
29.5,68,75,False
26.19,43,77,False
9.7,56,71,True
20.32,65,88,False
40.26,67,99,False
22.89,72,74,True
60.54,32,68,True
20.3,60,62,False
25.48,55,81,False
41.52,51,61,False
26.42,54,81,False
32.83,61,91,False
20.58,36,81,False
20.55,32,58,True
22.98,66,84,False
27.88,64,65,False
30.51,36,85,False
39.46,51,76,False
45.56,67,37,True
21.24,69,64,False
26.41,36,77,False
27.94,44,63,False
38.25,32,71,False
31.51,64,74,False
60.14,58,84,True
28.07,42,89,False
20.51,37,70,False
43.34,51,58,True
21.3,44,82,False
47.4,40,87,False
42.44,44,88,False
98.11,48,69,True
44.09,7,66,True
37.84,40,100,False
29.65,31,71,False
42.76,67,66,False
23.55,40,61,False
23.94,51,67,False
35.09,42,34,True
41.79,54,40,True
18.56,32,92,True
35.12,50,80,False
35.13,65,60,False
27.47,38,72,False
31.6,43,76,False
32.62,82,66,True
29.97,55,90,False
45.48,38,86,False
39.7,47,98,False
22.84,62,89,False
27.75,100,72,True
86.47,36,89,True
28.04,52,63,False
27.0,53,106,True
20.71,66,97,False
44.9,40,77,False
48.59,40,92,False
82.42,30,89,True
27.56,32,92,False
49.56,31,74,False
49.27,46,95,False
29.35,66,65,False
46.02,40,77,False
31.27,66,78,False
50.64,64,86,True
23.62,47,89,False
90.07,39,64,True
28.18,49,78,False
57.79,37,61,True
47.86,57,92,False
48.2,59,83,False
49.93,69,100,False
30.53,55,75,False
31.18,44,93,False
34.54,58,64,False
27.56,54,92,False
46.76,42,77,False
33.82,34,15,True
30.12,44,90,False
31.36,51,93,False
31.69,40,82,False
41.69,35,71,False
22.96,32,71,False
48.27,70,77,False
41.68,81,81,True
45.38,64,64,False
22.27,58,84,False
21.23,34,84,False
32.05,57,88,False
35.93,56,61,False
49.42,34,81,False
26.65,63,66,False
46.56,46,95,False
37.06,31,63,False
29.17,57,98,False
24.02,39,61,False
66.42,40,74,True
71.42,40,72,True
30.41,55,91,False
7.18,55,62,True
34.87,51,69,False
22.92,66,83,False
23.33,54,96,False
29.49,41,71,False
46.76,62,92,False
43.37,54,84,False
39.02,44,18,True
38.55,36,89,False
40.48,38,79,False
20.49,59,64,False
35.33,42,93,False
5.42,45,71,True
24.21,34,77,False
48.33,39,95,False
34.01,63,77,False
37.66,38,62,False
26.0,56,65,False
48.13,48,74,False
29.52,55,85,False
38.65,60,72,False
47.04,35,74,False
36.34,61,79,False
4.4,3,80,True
40.95,56,94,False
48.11,68,94,False
49.54,62,69,False
25.18,46,75,False
44.67,40,64,False
41.23,46,95,False
45.92,35,87,False
23.7,45,68,False
27.69,42,93,False
45.51,36,65,False
38.68,45,71,False
35.73,53,93,False
28.59,63,64,False
23.55,51,90,False
22.28,59,89,False
24.19,69,76,False
23.61,35,19,True
47.55,42,74,False
44.28,40,77,False
13.68,41,74,True
30.48,67,100,False
31.11,61,72,False
23.99,38,95,False
39.64,65,92,False
26.44,34,76,False
33.02,30,98,False
2.35,31,69,True
55.14,59,75,True
40.86,69,93,False
34.62,49,78,False
36.59,33,65,False
24.11,66,66,False
49.13,51,67,False
43.67,32,64,False
49.05,37,90,False
97.46,32,77,True
23.31,34,27,True
32.65,36,69,False
33.56,58,93,False
29.67,60,81,False
6.78,48,82,True
32.5,41,69,False
44.09,43,62,False
32.85,33,5,True
23.09,52,82,False
31.43,70,73,False
33.15,60,75,False
30.73,75,77,True
28.11,99,98,True
8.87,39,84,True
21.82,43,90,False
43.97,44,96,False
28.74,31,78,False
28.39,66,90,False
45.98,58,91,False
35.61,49,69,False
22.53,66,93,False
33.88,48,85,False
30.86,70,61,False
21.18,36,77,False
42.9,31,62,False
44.02,37,89,False
44.12,47,97,False
46.5,79,69,True
43.28,37,69,False
48.51,37,29,True
46.87,69,84,False
38.99,34,96,False
21.42,53,98,False
28.47,47,103,True
45.96,36,87,False
24.93,37,62,False
23.03,40,87,False
24.53,55,77,False
35.17,47,61,False
42.79,58,89,False
35.67,54,66,False
23.83,58,96,False
28.05,67,65,False
48.92,67,95,False
37.74,39,79,False
31.91,56,93,False
47.78,47,95,False
37.89,76,73,True
21.55,31,86,False
29.82,96,30,True
35.0,63,65,False
43.3,44,70,False
31.45,59,83,False
45.08,35,92,False
23.79,2,79,True
28.48,64,80,False
37.17,70,79,False
35.76,70,95,False
21.37,54,86,False
43.85,69,63,False
37.57,84,90,True
48.27,62,113,True
47.76,43,71,False
29.76,31,72,False
29.29,55,9,True
90.3,40,61,True
22.04,41,50,True
23.47,51,92,False
38.9,49,90,False
23.83,65,83,False
37.34,46,75,False
35.96,39,74,False
22.84,45,63,False
44.18,52,76,False
43.82,53,73,False
21.49,65,84,False
35.38,54,78,False
43.15,66,96,False
46.5,41,90,False
35.4,54,66,False
24.23,38,66,False
25.81,40,98,False
26.23,38,70,False
26.52,46,75,False
41.53,38,99,False
34.22,59,83,False
42.11,69,87,False
21.66,39,76,False
23.58,70,91,False
37.58,51,67,False
29.23,34,74,False
44.14,65,81,False
43.41,52,77,False
25.39,53,79,False
49.72,60,83,False
35.34,57,80,False
23.97,57,61,False
42.43,51,97,False
23.46,69,70,False
32.92,50,71,False
40.27,38,82,False
40.77,58,100,False
49.68,63,94,False
36.4,29,71,True
24.92,37,83,False
44.47,8,92,True
23.57,45,29,True
46.18,57,115,True
35.1,69,90,False
26.89,56,98,False
39.87,39,61,False
30.15,50,78,False
35.3,30,78,False
23.88,61,77,False
42.54,36,103,True
26.53,31,85,False
47.76,31,93,False
20.52,50,99,False
20.86,69,91,False
25.09,51,82,False
42.79,67,85,False
27.78,60,76,False
23.77,48,83,False
29.37,48,73,False
28.96,69,66,False
23.13,50,85,False
24.46,41,74,False
45.23,93,89,True
31.93,61,97,False
22.96,57,96,False
46.41,33,88,False
81.81,43,91,True
21.7,31,65,False
20.26,30,64,False
45.29,42,100,False
24.51,66,64,False
47.55,65,79,False
33.87,40,91,False
27.4,67,119,True
34.66,62,72,False
29.94,68,73,False
49.94,39,72,False
20.77,59,92,False
24.27,40,99,False
25.08,42,73,False
31.26,88,35,True
49.05,58,75,False
21.88,53,100,False
29.65,45,63,False
45.29,40,85,False
30.45,57,90,False
48.76,55,78,False
11.98,66,69,True
46.8,34,96,False
46.79,55,91,False
29.86,55,93,False
46.35,49,87,False
65.66,32,87,True
24.96,63,64,False
37.53,47,66,False
36.89,41,72,False
49.72,68,86,False
42.31,53,89,False
37.66,70,94,False
22.36,60,86,False
35.41,65,90,False
20.76,40,62,False
31.09,53,76,False
37.88,31,80,False
46.2,45,69,False
40.89,79,74,True
32.9,49,79,False
38.97,38,93,False
24.89,34,72,False
87.46,42,95,True
25.55,57,81,False
25.19,54,98,False
46.39,41,66,False
47.61,35,85,False
38.3,64,97,False
37.65,59,84,False
30.47,61,88,False
45.63,51,75,False
41.32,46,100,False
76.37,33,60,True
28.13,40,92,False
22.78,24,65,True
31.69,32,88,False
27.04,67,84,False
29.27,53,67,False
4.64,34,64,True
49.3,35,61,False
46.98,62,79,False
27.03,43,67,False
23.62,65,63,False
39.73,40,99,False
39.47,33,70,False
20.79,32,65,False
30.85,61,98,False
23.01,63,99,False
24.76,49,89,False
45.7,54,65,False
30.52,69,85,False
49.83,62,79,False
24.16,42,71,False
66.07,35,93,True
42.94,45,59,True
49.94,44,86,False
32.62,63,80,False
31.78,39,91,False
37.5,32,79,False
39.12,49,73,False
27.4,32,89,False
35.61,60,100,False
39.07,30,78,False
31.31,68,80,False
47.64,47,65,False
40.73,45,82,False
31.03,62,95,False
42.99,66,78,False
46.75,37,80,False
33.25,39,95,False
27.62,58,60,False
37.1,49,64,False
44.87,31,83,False
38.5,58,96,False
38.54,53,34,True
49.9,49,93,False
41.53,70,37,True
41.74,48,90,False
35.88,52,62,False
40.17,49,73,False
40.12,43,94,False
45.77,58,85,False
47.14,82,96,True
38.18,68,60,False
40.49,33,87,False
19.21,67,77,True
46.44,7,80,True
33.12,46,74,False
31.6,53,41,True
47.98,64,69,False
49.46,45,67,False
47.98,69,99,False
28.63,42,68,False
26.15,71,63,True
49.63,40,94,False
41.43,57,65,False
28.62,66,68,False
45.1,32,85,False
29.43,69,61,False
25.04,30,63,False
46.58,37,67,False
49.34,30,71,False
25.41,58,77,False
22.6,45,62,False
78.74,40,64,True
35.25,40,81,False
30.83,31,75,False
21.54,68,86,False
47.59,35,75,False
29.71,69,67,False
41.65,30,96,False
42.59,58,77,False
34.04,40,86,False
45.08,55,67,False
38.75,34,77,False
48.35,49,63,False
50.03,61,82,True
36.18,50,78,False
46.73,100,67,True
31.6,56,94,False
48.86,59,96,False
22.36,38,83,False
31.88,32,68,False
35.8,38,79,False
48.43,52,94,False
39.39,63,77,False
46.64,65,20,True
96.65,34,69,True
47.64,37,81,False
24.58,86,75,True
48.33,60,78,False
45.48,69,79,False
35.66,52,89,False
48.18,48,88,False
27.55,69,90,False
46.15,65,61,False
43.78,50,81,False
24.25,36,93,False
39.71,31,90,False
37.46,64,66,False
43.81,33,65,False
48.24,32,70,False
46.4,63,88,False
24.7,49,70,False
42.51,29,96,True
21.65,42,69,False
28.76,69,64,False
22.64,63,94,False
23.12,39,67,False
46.95,62,86,False
22.24,69,65,False
38.32,44,90,False
38.18,53,99,False
50.0,59,65,False
25.58,2,78,True
21.81,47,66,False
27.35,64,64,False
48.6,65,97,False
36.13,58,100,False
40.83,54,84,False
44.82,51,100,False
38.93,41,82,False
47.46,46,80,False
22.52,34,61,False
21.38,42,39,True
31.28,46,48,True
48.42,54,89,False
28.15,36,21,True
30.78,30,82,False
48.01,33,67,False
89.78,60,30,True
48.73,32,85,False
28.67,53,71,False
44.67,94,67,True
35.1,45,83,False
33.65,63,86,False
35.48,37,60,False
21.74,51,73,False
29.88,11,70,True
31.74,70,82,False
30.5,38,87,False
38.51,17,84,True
31.38,34,86,False
41.78,37,92,False
92.03,50,75,True
25.17,57,110,True
35.31,33,90,False
23.39,59,99,False
21.14,64,72,False
43.86,55,63,False
40.56,40,60,False
40.69,35,79,False
49.44,45,75,False
93.88,65,79,True
27.57,70,61,False
32.96,36,99,False
42.73,66,17,True
26.61,68,90,False
41.6,53,89,False
37.56,37,23,True
31.6,38,94,False
37.06,76,61,True
22.37,54,71,False
30.69,52,98,False
35.48,69,96,False
4.84,42,91,True
34.66,36,6,True
20.65,31,95,False
47.41,34,86,False
33.47,47,76,False
24.68,42,86,False
29.7,48,82,False
37.28,31,69,False
32.77,54,69,False
79.87,45,74,True
29.76,64,82,False
48.12,63,99,False
41.64,35,100,False
43.93,40,64,False
25.88,41,95,False
10.31,34,80,True
23.08,41,77,False
20.77,75,95,True
25.41,30,49,True
8.06,43,75,True
29.42,21,76,True
35.45,37,73,False
69.44,54,81,True
28.42,49,94,False
37.37,66,92,False
27.5,32,91,False
31.25,57,95,False
30.06,58,71,False
22.97,49,97,False
27.88,34,68,False
48.19,53,85,False
15.86,67,66,True
26.86,31,69,False
28.85,64,71,False
43.19,64,95,False
48.78,11,87,True
23.51,41,65,False
36.28,58,2,True
41.6,36,97,False
46.38,41,83,False
35.08,60,98,False
39.74,91,72,True
35.49,48,82,False
45.77,53,98,False
23.33,62,73,False
22.55,33,66,False
48.41,55,98,False
49.29,56,98,False
21.85,63,88,False
7.08,60,60,True
48.19,39,88,False
45.46,42,95,False
34.82,55,67,False
47.0,51,73,False
32.74,50,94,False
44.38,47,90,False
27.53,30,93,False
28.28,75,84,True
95.2,54,84,True
22.56,75,93,True
37.21,64,108,True
47.27,38,81,False
35.64,9,76,True
32.79,68,95,False
28.8,67,72,False
27.06,68,86,False
39.22,54,69,False
58.93,54,62,True
30.92,56,62,False
29.25,69,66,False
22.67,54,67,False
38.03,38,20,True
26.17,45,98,False
38.73,55,102,True
23.96,53,93,False
21.51,67,72,False
41.59,57,79,False
30.48,65,97,False
29.91,54,76,False
24.51,64,79,False
34.83,44,89,False
30.84,65,67,False
38.35,58,89,False
41.05,85,80,True
21.47,66,95,False
23.04,30,94,False
40.91,63,100,False
27.53,34,93,False
75.09,84,81,True
20.26,39,60,False
82.76,42,80,True
48.84,48,67,False
32.43,62,83,False
43.48,35,78,False
30.86,37,66,False
41.66,65,63,False
37.56,49,63,False
39.29,37,82,False
38.89,31,61,False
46.18,43,86,False
49.37,50,86,False
38.28,45,97,False
42.96,51,79,False
31.74,36,49,True
35.02,37,107,True
28.89,53,60,False
42.37,40,79,False
20.93,52,69,False
32.82,66,84,False
28.98,54,76,False
44.94,80,92,True
39.21,30,38,True
42.52,43,94,False
20.93,44,100,False
38.47,54,90,False
27.95,68,70,False
36.24,69,78,False
25.95,40,78,False
21.84,60,72,False
43.6,54,70,False
49.15,40,86,False
47.5,45,68,False
21.27,33,86,False
29.57,51,91,False
31.69,69,84,False
90.64,32,65,True
41.79,65,72,False
34.97,58,81,False
22.02,48,86,False
49.94,56,80,False
39.64,62,68,False
33.36,68,80,False
22.23,69,64,False
47.63,60,71,False
25.57,63,87,False
38.88,34,83,False
34.72,36,99,False
29.33,31,93,False
37.47,35,86,False
46.01,51,70,False
27.01,56,35,True
46.07,38,85,False
70.83,48,100,True
26.23,70,68,False
9.42,37,76,True
70.2,35,69,True
35.61,39,71,False
11.81,61,107,True
15.01,57,72,True
2.3,36,90,True
36.05,57,96,False
47.86,70,78,False
50.11,63,89,True
25.3,52,63,False
90.4,51,100,True
39.79,35,99,False
25.96,34,82,False
29.76,48,87,False
30.2,41,66,False
37.31,63,83,False
36.89,46,90,False
33.17,69,77,False
30.24,43,62,False
20.25,70,99,False
28.16,44,62,False
48.17,63,88,False
27.82,58,75,False
46.63,32,76,False
32.66,33,100,False
24.41,61,86,False
26.0,43,78,False
41.9,52,93,False
35.21,31,63,False
42.47,58,75,False
46.05,46,76,False
33.04,44,95,False
48.93,46,64,False
35.9,52,65,False
35.27,31,91,False
41.63,51,78,False
35.1,38,99,False
22.47,31,94,False
35.04,52,69,False
46.65,69,92,False
24.54,64,65,False
26.05,1,72,True
45.71,90,85,True
42.51,51,63,False
42.93,62,70,False
23.24,31,112,True
25.03,45,77,False
25.76,44,71,False
43.93,42,83,False
38.75,62,69,False
22.43,47,100,False
35.11,49,83,False
32.12,54,95,False
38.92,38,78,False
35.4,37,91,False
23.92,69,75,False
45.01,50,116,True
42.07,59,82,False
36.45,43,83,False
22.76,41,89,False
48.8,69,93,False
37.29,66,67,False
20.08,48,85,False
44.71,63,63,False
42.44,54,93,False
32.82,51,64,False
21.91,56,92,False
21.31,48,82,False
46.67,61,93,False
43.12,54,87,False
26.27,40,15,True
31.83,40,95,False
24.72,70,77,False
37.06,51,11,True
38.55,37,89,False
46.75,50,80,False
25.98,62,66,False
29.02,69,99,False
33.71,60,67,False
20.59,53,97,False
33.89,42,80,False
28.4,53,63,False
43.7,43,79,False
46.12,40,10,True
40.6,66,80,False
47.92,49,80,False
28.76,43,89,False
28.77,96,83,True
46.21,44,97,False
29.76,78,61,True
20.13,58,93,False
30.16,57,64,False
39.64,37,89,False
38.93,45,75,False
40.05,55,73,False
21.41,53,60,False
26.46,39,73,False
48.85,49,97,False
37.29,58,92,False
31.67,58,76,False
28.77,39,99,False
34.64,53,100,False
21.9,57,66,False
29.04,61,62,False
33.51,38,82,False
23.27,31,86,False
43.94,58,109,True
26.92,33,84,False
44.65,30,66,False
38.07,58,65,False
37.37,52,60,False
28.98,33,34,True
31.96,91,61,True
37.58,18,86,True
42.83,45,94,False
83.96,66,97,True
38.57,30,96,False
28.63,49,65,False
33.92,66,93,False
26.46,47,89,False
48.04,48,95,False
49.77,95,72,True
34.47,37,89,False
45.83,36,85,False
36.28,58,83,False
48.27,38,60,False
34.65,59,97,False
46.08,69,94,False
25.64,47,11,True
47.35,61,93,False
21.03,43,78,False
37.63,54,45,True
43.02,44,106,True
48.79,5,78,True
35.42,54,65,False
27.58,65,66,False
43.15,67,75,False
42.33,36,89,False
20.4,38,78,False
25.84,32,69,False
35.0,67,96,False
20.89,38,78,False
20.84,64,79,False
23.26,36,84,False
43.57,68,80,False
40.73,2,85,True
31.04,58,91,False
30.28,66,71,False
48.36,83,118,True
20.78,35,77,False
44.67,46,61,False
25.88,34,71,False
37.03,40,79,False
37.71,68,72,False
33.68,35,66,False
34.01,38,90,False
26.72,47,56,True
21.76,60,60,False
20.25,57,99,False
48.74,58,90,False
34.91,36,61,False
46.23,58,98,False
38.33,39,71,False
39.53,86,1,True
40.48,63,80,False
26.85,43,84,False
23.84,35,73,False
31.49,2,64,True
35.77,39,85,False
36.81,40,100,False
24.81,34,95,False
21.0,57,94,False
40.4,69,81,False
48.54,67,89,False
49.28,33,88,False
37.24,37,53,True
26.35,40,91,False
41.91,45,78,False
23.54,31,79,False
35.16,79,72,True
26.74,70,87,False
44.51,83,88,True
46.13,33,94,False
39.39,50,86,False
38.28,63,75,False
31.53,55,71,False
29.2,55,70,False
22.36,61,63,False
34.08,41,69,False
38.47,55,99,False
23.56,70,57,True
24.23,55,68,False
31.2,35,65,False
34.98,54,73,False
42.6,69,91,False
85.41,44,89,True
38.82,43,93,False
47.65,30,69,False
24.25,50,91,False
44.53,53,63,False
37.95,52,100,False
46.28,64,93,False
45.05,43,75,False
28.18,61,96,False
36.48,30,90,False
42.17,70,71,False
44.9,53,63,False
13.54,40,71,True
44.48,59,97,False
45.12,70,88,False
40.8,33,70,False
21.61,63,64,False
43.89,46,62,False
30.59,55,81,False
57.12,38,92,True
44.43,41,74,False
20.49,17,70,True
40.15,62,90,False
26.18,65,86,False
29.98,64,62,False
30.57,59,83,False
26.32,51,8,True
45.78,55,66,False
20.5,41,93,False
45.16,44,75,False
24.3,80,65,True
44.97,46,60,False
38.72,21,86,True
49.43,47,13,True
21.15,61,44,True
21.96,67,91,False
39.83,59,39,True
30.67,55,84,False
40.94,44,95,False
20.52,36,97,False
22.74,31,82,False
39.37,40,82,False
38.0,32,80,False
40.34,58,98,False
48.66,50,63,False
28.39,38,76,False
30.89,37,70,False
44.98,57,49,True
21.92,61,87,False
23.23,53,87,False
60.19,55,98,True
43.55,54,18,True
49.27,56,71,False
36.95,42,61,False
46.45,27,99,True
20.14,57,94,False
48.16,43,62,False
24.28,52,76,False
41.13,45,78,False
28.84,55,95,False
49.72,58,91,False
48.51,82,44,True
26.78,19,74,True
28.04,69,81,False
34.27,70,65,False
2.77,64,74,True
46.03,54,72,False
26.97,35,92,False
42.31,60,1,True
32.41,49,89,False
28.92,55,91,False
36.84,31,97,False
41.16,42,72,False
25.81,40,84,False
20.25,36,82,False
25.91,36,80,False
48.75,68,73,False
34.1,53,62,False
56.55,43,89,True
49.23,63,76,False
38.22,50,96,False
92.06,57,90,True
36.78,58,74,False
23.04,34,65,False
38.45,35,75,False
49.14,51,100,False
44.86,49,77,False
28.15,61,94,False
37.11,58,62,False
43.52,36,109,True
32.66,33,77,False
49.91,68,63,False
23.02,61,75,False
27.32,62,88,False
26.4,37,93,False
38.84,45,88,False
23.16,56,76,False
32.94,35,80,False
41.75,33,62,False
29.84,68,66,False
34.05,53,80,False
21.25,59,97,False
25.46,38,73,False
40.42,33,64,False
32.18,47,71,False
45.51,49,98,False
22.15,57,74,False
30.76,58,78,False
43.23,51,21,True
47.66,36,74,False
38.62,66,69,False
67.99,30,66,True
24.66,37,60,False
34.07,64,91,False
29.27,37,98,False
46.74,66,62,False
32.32,41,82,False
48.3,65,91,False
46.16,63,61,False
44.7,41,72,False
26.76,52,94,False
39.32,31,92,False
25.22,65,87,False
48.2,44,87,False
39.07,44,77,False
48.44,24,90,True
25.39,51,67,False
45.86,48,88,False
23.1,56,62,False
49.7,59,86,False
74.85,66,112,True
45.96,61,68,False
29.31,46,87,False
28.04,69,73,False
24.96,62,84,False
21.18,70,74,False
81.88,46,88,True
34.39,43,49,True
31.71,58,94,False
36.61,67,70,False
44.57,44,76,False
24.55,59,88,False
23.09,62,72,False
47.63,36,90,False
45.37,70,74,False
43.36,70,98,False
29.21,55,76,False
45.6,61,81,False
88.55,40,82,True
30.68,37,93,False
32.61,84,93,True
48.58,56,60,False
43.74,50,69,False
32.75,54,72,False
22.75,39,78,False
68.1,39,63,True
39.16,32,63,False
21.34,52,99,False
45.92,46,100,False
20.62,49,79,False
30.8,38,52,True
37.9,65,62,False
26.22,52,72,False
38.63,59,89,False
35.1,36,14,True
28.22,61,83,False
10.49,65,91,True
28.12,62,97,False
40.52,61,71,False
45.18,38,62,False
26.55,55,61,False
34.01,34,100,False
42.57,95,78,True
99.53,57,61,True
22.48,52,39,True
49.76,62,69,False
34.31,68,99,False
39.3,30,100,False
45.72,63,51,True
40.3,36,79,False
31.45,23,52,True
23.15,63,66,False
7.72,49,90,True
22.27,56,68,False
44.92,56,74,False
44.09,44,90,False
30.37,70,12,True
44.8,34,84,False
21.76,39,75,False
45.72,58,62,False
43.24,49,61,False
44.58,59,94,False
36.52,49,84,False
34.6,41,84,False
47.16,63,76,False
27.91,61,85,False
47.2,49,68,False
44.55,66,79,False
23.87,41,71,False
37.31,44,84,False
34.16,69,100,False
30.25,59,71,False
29.71,59,100,False
37.14,57,74,False
92.39,36,79,True
28.86,70,64,False
25.81,45,61,False
22.22,50,108,True
23.18,37,97,False
26.03,33,87,False
42.57,52,82,False
39.58,57,66,False
23.58,68,79,False
40.65,56,99,False
33.7,50,63,False
31.48,65,78,False
24.42,32,75,False
40.3,62,86,False
27.1,45,97,False
26.84,56,67,False
32.69,31,97,False
46.37,32,94,False
20.4,30,49,True
29.02,69,64,False
30.02,40,92,False
33.24,39,68,False
38.54,48,71,False
44.43,1,64,True
49.76,90,85,True
40.83,52,83,False
37.41,49,26,True
21.95,67,90,False
46.81,58,96,False
43.77,36,83,False
32.24,44,74,False
47.92,33,74,False
40.31,68,78,False
27.89,41,61,False
24.8,63,82,False
49.22,47,29,True
46.74,47,90,False
42.72,32,66,False
23.19,37,75,False
46.06,68,79,False
24.57,69,79,False
47.96,51,70,False
28.19,54,68,False
32.86,33,81,False
43.46,40,77,False
3.37,33,73,True
31.52,69,72,False
31.51,32,88,False
66.56,60,74,True
21.37,51,93,False
39.04,61,70,False
35.43,50,70,False
28.41,41,87,False
25.66,34,91,False
42.18,50,79,False
49.51,53,96,False
37.82,40,87,False
17.81,37,91,True
29.85,53,89,False
45.29,33,80,False
47.28,32,74,False
25.22,30,100,False
20.61,54,67,False
22.59,43,82,False
44.23,65,65,False
23.74,64,83,False
24.61,32,74,False
26.56,61,64,False
84.94,61,50,True
33.51,39,60,False
23.6,48,94,False
21.32,55,95,False
21.11,65,93,False
22.42,40,98,False
35.2,59,75,False
26.86,51,61,False
25.12,35,77,False
28.26,56,99,False
20.61,68,90,False
28.8,57,97,False
38.84,55,63,False
22.51,64,73,False
24.93,70,72,False
41.0,32,67,False
43.5,52,86,False
23.07,60,78,False
37.23,62,95,False
38.3,59,93,False
48.22,45,61,False
20.61,36,81,False
34.77,48,82,False
38.82,52,64,False
48.45,66,75,False
36.98,86,85,True
46.98,50,67,False
0.36,33,100,True
20.36,49,100,False
24.59,41,65,False
28.47,40,86,False
24.04,57,81,False
21.18,36,7,True
29.0,53,64,False
41.6,58,84,False
48.6,39,89,False
46.74,83,62,True
33.43,36,75,False
19.37,42,77,True
69.86,45,80,True
36.89,41,78,False
29.69,36,69,False
36.82,35,70,False
26.13,60,87,False
45.69,37,90,False
29.85,64,96,False
33.23,55,62,False
21.65,57,87,False
27.83,46,95,False
45.77,58,96,False
10.81,55,88,True
21.15,59,109,True
46.65,66,95,False
37.69,35,87,False
31.56,43,87,False
44.12,60,61,False
44.43,35,68,False
42.71,53,80,False
37.77,57,76,False
31.44,32,75,False
41.31,31,85,False
21.31,61,83,False
27.25,35,60,False
48.7,66,96,False
32.33,55,100,False
38.67,47,78,False
61.01,67,69,True
45.53,64,98,False
49.11,66,94,False
42.12,67,98,False
38.01,87,60,True
40.55,74,78,True
35.72,38,62,False
32.58,49,43,True
20.34,66,67,False
67.23,30,93,True
30.55,58,87,False
32.89,67,28,True
46.29,43,71,False
35.92,67,87,False
43.5,88,65,True
33.92,41,85,False
35.49,33,67,False
25.98,49,70,False
28.7,44,64,False
50.87,61,61,True
39.18,59,84,False
47.95,42,98,False
27.71,54,66,False
36.73,35,85,False
21.66,38,82,False
26.8,70,91,False
30.03,38,72,False
26.25,30,64,False
37.18,36,46,True
34.83,37,100,False
37.16,31,82,False
23.95,22,65,True
49.73,18,80,True
40.25,63,63,False
36.53,45,86,False
24.36,70,98,False
29.62,52,73,False
29.08,32,98,False
31.82,51,97,False
42.81,32,78,False
33.03,35,63,False
32.54,35,61,False
80.55,43,87,True
22.26,36,63,False
63.05,41,56,True
46.42,38,70,False
35.63,36,90,False
49.84,53,97,False
54.43,66,93,True
32.12,45,83,False
25.5,61,98,False
43.33,47,61,False
97.9,69,80,True
25.61,69,78,False
39.79,35,78,False
38.45,62,60,False
31.68,44,76,False
31.98,67,69,False
34.93,60,65,False
36.08,88,82,True
43.86,31,69,False
42.16,62,65,False
44.3,35,67,False
27.0,43,85,False
46.22,31,70,False
49.05,16,68,True
39.27,69,79,False
26.87,61,72,False
27.7,50,98,False
30.78,64,61,False
28.85,59,31,True
32.84,46,86,False
35.49,68,65,False
43.88,52,73,False
41.47,50,65,False
42.76,36,12,True
28.74,88,44,True
12.51,48,95,True
38.84,32,70,False
42.96,57,82,False
81.05,53,81,True
49.06,44,91,False
25.82,69,86,False
36.86,58,92,False
42.66,38,99,False
38.85,52,76,False
38.74,68,77,False
20.34,40,96,False
20.69,36,85,False
30.99,30,80,False
32.53,63,84,False
48.46,46,87,False
38.17,59,69,False
35.94,66,70,False
43.11,43,82,False
40.1,62,71,False
42.38,47,67,False
38.21,68,68,False
34.86,63,60,False
42.14,67,63,False
34.66,55,69,False
31.56,57,72,False
28.3,43,81,False
48.12,51,78,False
29.95,70,97,False
29.89,54,88,False
41.68,30,86,False
26.66,47,75,False
39.72,47,97,False
41.47,33,67,False
37.51,47,68,False
26.68,67,98,False
30.34,42,106,True
40.82,44,75,False
26.08,85,77,True
34.18,45,97,False
34.23,69,92,False
29.85,60,13,True
19.86,61,96,True
24.46,45,98,False
94.16,41,90,True
38.06,63,91,False
44.75,46,61,False
42.86,53,87,False
40.08,67,73,False
42.62,3,80,True
25.24,50,91,False
28.97,68,71,False
28.98,37,64,False
32.39,35,5,True
27.16,67,96,False
30.98,49,99,False
29.85,37,72,False
49.26,69,96,False
42.18,35,67,False
41.85,61,75,False
20.53,39,65,False
43.78,68,73,False
26.12,67,74,False
36.73,50,61,False
28.57,58,98,False
38.36,55,85,False
21.66,31,86,False
42.09,35,60,False
65.54,70,100,True
35.31,47,88,False
44.41,0,86,True
35.09,47,85,False
37.0,59,63,False
26.85,53,95,False
24.62,55,78,False
40.46,39,94,False
29.17,59,88,False
49.67,40,81,False
26.65,62,105,True
22.32,44,85,False
49.74,62,64,False
59.28,64,80,True
38.67,60,100,False
23.03,51,61,False
93.52,32,94,True
45.16,22,79,True
28.16,41,70,False
51.21,57,69,True
45.59,51,80,False
25.94,91,86,True
4.48,35,83,True
23.66,58,83,False
96.76,57,66,True
47.77,61,72,False
34.13,49,80,False
60.15,46,93,True
46.13,34,95,False
25.87,60,73,False
39.48,58,75,False
43.76,55,70,False
25.7,60,77,False
37.1,78,86,True
25.72,62,69,False
18.27,54,78,True
31.18,70,71,False
42.1,34,83,False
46.92,50,75,False
29.52,38,95,False
39.21,62,86,False
28.11,62,85,False
30.63,47,62,False
47.78,6,64,True
48.25,56,78,False
44.46,47,70,False
20.67,60,82,False
32.48,38,86,False
23.86,49,67,False
35.17,69,84,False
21.67,60,89,False
30.35,60,92,False
92.8,64,67,True
26.05,46,63,False
43.99,63,77,False
24.63,32,65,False
32.0,64,65,False
39.78,67,76,False
32.23,68,76,False
29.68,62,73,False
45.9,72,67,True
37.9,53,98,False
48.37,67,78,False
25.53,38,88,False
43.22,49,86,False
39.73,39,83,False
28.38,65,83,False
35.91,39,88,False
43.29,33,86,False
49.29,62,99,False
43.13,39,70,False
26.77,63,62,False
44.16,55,93,False
36.86,40,62,False
49.33,74,92,True
38.16,41,86,False
45.09,43,85,False
28.43,34,80,False
26.82,49,72,False
2.53,37,91,True
24.29,97,100,True
30.78,36,99,False
24.63,60,95,False
43.43,34,96,False
26.33,48,99,False
48.75,58,86,False
24.01,62,81,False
94.2,11,98,True
8.09,32,92,True
37.62,63,68,False
33.71,47,85,False
98.86,62,91,True
37.26,39,65,False
36.74,41,85,False
49.21,48,98,False
33.26,41,18,True
21.59,61,89,False
20.71,37,37,True
43.93,41,98,False
35.75,43,87,False
26.41,46,68,False
24.43,44,78,False
34.57,63,71,False
43.77,67,76,False
34.49,87,72,True
39.11,49,80,False
43.51,38,88,False
49.21,39,62,False
37.89,42,81,False
25.63,64,77,False
48.26,59,63,False
26.35,45,77,False
22.9,37,74,False
48.68,57,71,False
28.41,58,76,False
41.56,35,73,False
29.53,43,76,False
49.98,61,99,False
37.51,57,69,False
23.88,64,94,False
36.22,33,100,False
30.83,36,99,False
35.4,31,95,False
48.94,31,78,False
42.6,53,77,False
29.1,13,96,True
25.52,47,79,False
41.44,49,77,False
35.25,39,25,True
99.48,40,67,True
45.15,57,74,False
53.38,55,90,True
37.54,48,100,False
42.37,18,93,True
42.04,62,70,False
38.62,59,47,True
38.59,58,76,False
20.7,66,93,False
44.46,58,66,False
32.54,63,61,False
39.43,38,71,False
24.12,64,67,False
34.46,50,75,False
49.68,66,75,False
25.65,58,87,False
20.41,64,89,False
66.61,63,78,True
38.6,62,66,False
37.1,33,60,False
45.93,52,62,False
40.81,32,76,False
29.97,57,77,False
38.35,41,70,False
26.71,38,82,False
39.3,68,82,False
36.71,31,86,False
30.69,53,93,False
35.63,51,68,False
36.94,68,70,False
34.47,67,98,False
39.02,66,73,False
23.63,68,96,False
41.7,53,75,False
42.53,69,94,False
39.48,28,89,True
48.31,60,76,False
40.3,56,62,False
44.12,54,86,False
87.13,42,86,True
26.02,65,75,False
46.36,31,66,False
41.56,61,74,False
21.52,67,100,False
26.95,45,91,False
23.08,35,92,False
34.48,50,68,False
36.42,57,85,False
44.34,65,89,False
43.4,67,84,False
24.47,40,79,False
42.42,30,88,False
38.4,31,62,False
46.76,36,96,False
43.96,46,77,False
36.56,33,80,False
39.86,30,71,False
40.83,68,92,False
45.51,39,99,False
91.25,58,89,True
41.11,43,79,False
35.47,53,85,False
40.6,41,77,False
34.6,36,66,False
44.08,51,56,True
46.29,64,75,False
21.98,39,79,False
22.98,64,91,False
45.01,53,21,True
14.26,34,69,True
34.89,46,92,False
46.39,60,106,True
45.41,49,81,False
47.72,39,72,False
49.95,58,69,False
34.74,35,87,False
35.43,36,97,False
35.97,70,60,False
35.33,91,75,True
48.19,33,74,False
41.86,34,98,False
46.36,69,71,False
21.97,30,74,False
31.53,63,74,False
39.89,62,95,False
42.64,65,94,False
23.67,45,97,False
46.41,67,65,False
39.8,39,91,False
20.02,11,73,True
28.77,48,85,False
34.58,36,84,False
20.63,66,70,False
28.1,39,75,False
31.17,93,77,True
34.28,60,98,False
44.09,50,82,False
48.52,62,76,False
37.11,56,62,False
22.76,57,94,False
43.88,39,93,False
29.97,39,81,False
38.24,43,72,False
28.48,44,67,False
44.36,43,68,False
22.19,65,78,False
41.87,53,99,False
26.04,47,51,True
32.37,70,70,False
27.17,49,98,False
20.81,30,73,False
27.93,57,90,False
42.81,37,94,False
49.35,41,97,False
49.75,55,73,False
48.88,34,77,False
33.7,34,69,False
28.45,57,89,False
31.63,39,85,False
24.91,42,91,False
67.74,46,81,True
39.68,48,71,False
8.87,31,96,True
49.58,67,67,False
27.0,59,78,False
30.46,41,71,False
45.49,36,80,False
38.11,38,71,False
48.7,47,65,False
93.26,32,97,True
36.94,40,93,False
22.74,38,94,False
37.07,62,74,False
26.07,71,100,True
23.27,48,81,False
48.44,31,73,False
37.69,49,68,False
33.65,34,95,False
23.28,2,91,True
44.38,50,76,False
43.54,68,15,True
44.51,44,21,True
49.02,41,78,False
32.21,63,88,False
96.34,43,21,True
24.31,30,88,False
49.11,68,95,False
49.37,66,72,False
22.51,69,91,False
48.44,65,98,False
24.16,38,68,False
45.77,53,88,False
38.14,30,75,False
47.64,40,87,False
44.64,47,45,True
28.32,31,89,False
38.56,57,81,False
25.47,44,97,False
42.4,41,80,False
22.51,44,65,False
35.04,39,81,False
29.54,64,95,False
21.14,30,79,False
46.35,62,94,False
26.63,67,95,False
38.85,69,96,False
49.96,61,82,False
28.76,36,82,False
26.28,52,93,False
38.5,26,86,True
23.54,59,91,False
45.28,52,83,False
38.45,34,89,False
30.3,43,79,False
48.62,50,79,False
31.93,57,61,False
25.74,39,95,False
46.21,64,61,False
36.86,69,66,False
46.97,100,92,True
14.13,55,92,True
35.76,37,100,False
32.84,59,73,False
40.23,51,74,False
22.27,67,89,False
36.62,44,96,False
32.72,35,68,False
28.44,62,66,False
39.2,49,87,False
73.17,41,65,True
44.78,39,38,True
40.0,67,49,True
28.36,65,61,False
47.06,45,75,False
32.55,42,96,False
42.98,38,62,False
39.63,70,88,False
48.63,62,61,False
46.69,38,89,False
40.85,32,78,False
31.83,36,76,False
26.35,76,22,True
22.56,26,88,True
66.98,58,62,True
24.76,46,68,False
61.93,60,84,True
47.59,88,74,True
43.03,47,90,False
31.03,57,90,False
20.34,34,74,False
38.94,69,70,False
23.46,46,74,False
40.38,35,76,False
40.32,35,77,False
36.33,30,61,False
43.2,36,95,False
31.12,52,82,False
41.94,40,64,False
42.52,49,66,False
32.25,53,95,False
21.43,33,87,False
30.31,30,100,False
46.8,3,91,True
49.05,60,84,False
47.06,33,83,False
40.05,33,90,False
44.07,54,94,False
42.07,32,81,False
29.27,48,69,False
32.57,63,79,False
34.69,47,84,False
34.76,74,67,True
19.64,23,100,True
21.28,62,96,False
23.31,35,69,False
44.38,61,18,True
30.74,69,87,False
41.78,53,98,False
45.79,30,68,False
49.41,68,89,False
40.22,50,61,False
29.87,30,3,True
52.33,68,75,True
47.62,55,65,False
34.16,32,71,False
20.2,99,62,True
62.09,32,72,True
45.59,68,89,False
41.39,40,90,False
47.88,43,89,False
81.29,30,96,True
40.3,95,67,True
65.07,69,60,True
20.59,32,81,False
39.1,64,60,False
40.89,19,83,True
32.82,70,97,False
60.21,33,94,True
22.95,49,76,False
41.69,68,86,False
41.17,54,10,True
22.1,61,76,False
46.47,53,89,False
39.82,60,65,False
32.89,69,95,False
21.29,46,68,False
36.23,20,62,True
41.82,61,73,False
38.91,36,2,True
49.36,81,64,True
20.0,52,69,False
13.93,37,72,True
27.69,46,75,False
20.43,31,34,True
47.27,38,74,False
31.53,64,100,False
38.91,34,72,False
42.41,41,74,False
41.94,50,62,False
30.67,58,94,False
28.96,46,80,False
34.44,58,84,False
28.83,33,89,False
38.26,7,92,True
23.86,41,80,False
37.35,55,62,False
36.89,82,87,True
44.38,40,67,False
21.4,57,66,False
46.11,68,79,False
33.61,63,83,False
21.26,41,73,False
45.42,65,0,True
40.26,43,66,False
49.68,37,81,False
27.63,66,74,False
30.94,33,70,False
31.4,53,78,False
38.5,31,77,False
47.91,49,80,False
29.6,45,97,False
35.55,53,67,False
32.4,45,61,False
44.13,70,66,False
21.7,32,61,False
47.99,40,93,False
34.17,66,66,False
38.26,50,86,False
11.12,60,2,True
34.1,45,78,False
28.0,59,71,False
28.06,74,97,True
39.67,70,77,False
38.52,67,61,False
49.65,58,98,False
35.74,32,104,True
23.45,68,62,False
46.41,30,93,False
31.19,31,91,False
23.45,45,93,False
43.15,63,80,False
32.65,59,87,False
38.44,64,66,False
48.05,31,94,False
44.87,40,83,False
40.46,59,83,False
80.4,40,85,True
36.31,46,88,False
25.87,64,60,False
33.3,47,100,False
47.92,64,93,False
23.39,66,89,False
49.62,49,64,False
43.2,34,89,False
43.58,42,66,False
99.88,42,99,True
28.24,45,71,False
36.22,33,66,False
55.22,46,91,True
83.21,97,60,True
34.53,57,80,False
36.09,49,95,False
40.12,63,69,False
40.37,39,75,False
32.1,39,60,False
33.1,53,72,False
39.12,45,95,False
25.95,53,67,False
48.72,66,91,False
25.23,44,70,False
44.37,55,65,False
18.59,98,84,True
52.07,38,94,True
40.7,66,80,False
29.01,34,77,False
31.07,63,76,False
31.67,61,86,False
10.96,12,76,True
48.79,38,80,False
53.83,51,93,True
20.26,34,82,False
21.66,38,90,False
36.5,48,97,False
26.76,51,95,False
43.39,71,1,True
49.99,69,79,False
27.27,64,61,False
49.78,97,2,True
24.55,50,68,False
47.72,53,82,False
46.77,45,77,False
28.9,45,73,False
28.58,56,67,False
42.98,31,86,False
57.16,45,63,True
88.6,33,81,True
33.12,54,73,False
42.98,56,93,False
20.1,41,94,False
42.48,61,47,True
10.25,36,91,True
45.44,35,65,False
30.86,40,93,False
20.96,53,97,False
21.67,58,83,False
35.84,33,70,False
25.62,49,39,True
28.05,52,94,False
25.72,30,93,False
25.96,91,67,True
25.57,33,77,False
48.64,0,20,True
43.96,49,68,False
26.05,67,70,False
3.37,33,36,True
81.19,58,79,True
43.42,40,61,False
28.48,61,63,False
46.36,31,82,False
48.41,32,92,False
24.95,34,69,False
36.65,36,95,False
16.08,0,97,True
21.7,55,100,False
15.8,45,90,True
19.76,65,89,True
43.24,40,81,False
31.82,64,85,False
39.75,65,25,True
46.33,36,96,False
21.51,54,94,False
34.28,61,100,False
37.56,34,61,False
22.79,35,86,False
31.17,71,42,True
42.16,98,69,True
29.15,55,64,False
32.81,70,92,False
25.59,40,71,False
42.74,30,86,False
44.94,68,89,False
45.38,38,90,False
39.14,60,91,False
49.06,48,80,False
22.69,65,99,False
48.03,48,84,False
47.4,36,89,False
23.21,70,73,False
6.01,60,71,True
3.58,57,80,True
20.33,59,87,False
40.6,42,100,False
27.22,59,16,True
25.5,55,70,False
67.79,56,97,True
22.25,91,88,True
24.99,47,83,False
45.36,62,95,False
28.1,75,90,True
30.5,31,95,False
39.04,56,64,False
46.56,37,81,False
37.79,63,95,False
42.36,47,72,False
42.05,67,91,False
38.28,48,75,False
24.53,51,64,False
48.81,48,91,False
33.09,40,95,False
31.58,70,80,False
46.38,54,89,False
22.1,47,72,False
44.76,35,90,False
43.73,43,62,False
38.67,54,85,False
39.21,66,65,False
38.7,69,60,False
20.17,41,60,False
28.64,53,89,False
39.21,63,37,True
44.77,47,93,False
27.16,54,60,False
27.29,69,67,False
29.49,34,66,False
24.87,38,72,False
24.04,67,88,False
27.13,33,97,False
24.09,65,60,False
42.91,45,83,False
45.74,61,90,False
22.25,52,95,False
23.92,70,71,False
38.6,47,118,True
30.33,65,93,False
24.99,69,97,False
30.22,48,98,False
48.2,59,78,False
33.56,52,66,False
43.15,70,66,False
25.32,48,100,False
49.51,57,88,False
25.26,82,96,True
43.13,58,6,True
39.02,61,62,False
33.15,63,98,False
23.55,58,78,False
27.6,33,98,False
30.89,34,92,False
75.2,60,69,True
44.72,53,73,False
43.09,35,63,False
43.14,38,77,False
36.55,37,72,False
27.56,16,87,True
24.23,33,110,True
24.87,65,65,False
29.72,34,94,False
30.71,55,91,False
20.32,41,38,True
38.72,47,93,False
33.73,46,89,False
44.67,99,70,True
44.61,52,70,False
44.54,73,61,True
25.27,68,95,False
38.34,31,72,False
39.54,46,89,False
24.14,39,63,False
44.61,40,93,False
22.76,51,84,False
38.03,49,66,False
45.53,42,99,False
35.7,63,81,False
41.06,24,65,True
48.91,51,94,False
10.75,46,64,True
29.59,58,66,False
27.23,68,73,False
25.97,30,98,False
45.13,34,77,False
48.37,61,89,False
46.54,35,95,False
36.17,63,74,False
44.07,43,86,False
20.67,59,93,False
25.09,34,60,False
22.27,64,97,False
36.58,54,46,True
99.3,38,70,True
48.5,45,98,False
27.91,60,83,False
38.57,41,88,False
40.38,57,67,False
33.87,30,68,False
37.93,51,85,False
26.42,33,82,False
45.76,41,91,False
24.25,53,73,False
34.52,58,41,True
44.88,59,77,False
47.97,32,91,False
24.47,34,102,True
49.35,68,90,False
0.52,35,95,True
46.02,54,70,False
58.36,42,75,True
32.5,37,80,False
41.91,58,94,False
29.87,62,75,False
47.27,69,95,False
32.86,47,91,False
46.75,34,118,True
31.8,41,69,False
23.45,70,86,False
23.4,77,92,True
32.78,27,78,True
29.28,45,96,False
39.81,55,87,False
48.82,50,80,False
44.06,46,60,False
32.67,53,85,False
48.17,43,84,False
80.85,41,85,True
27.74,61,74,False
29.23,70,95,False
30.32,33,82,False
91.69,51,90,True
20.43,41,64,False
25.29,37,88,False
41.39,38,88,False
77.99,51,66,True
30.71,74,96,True
48.04,49,100,False
30.04,65,77,False
28.78,30,77,False
46.87,55,83,False
96.46,34,99,True
26.36,47,95,False
46.59,50,83,False
29.44,61,78,False
42.74,41,82,False
33.63,34,60,False
33.6,31,67,False
47.46,6,88,True
82.88,42,80,True
47.04,43,87,False
20.25,67,96,False
40.29,35,65,False
38.88,55,82,False
41.64,38,64,False
40.97,36,76,False
25.51,68,95,False
49.67,49,63,False
38.95,50,61,False
25.42,57,20,True
37.15,22,91,True
28.64,34,65,False
92.59,52,61,True
31.64,64,70,False
35.97,33,67,False
22.3,57,95,False
20.4,41,90,False
44.71,42,93,False
45.77,41,10,True
35.87,48,98,False
34.12,34,91,False
46.76,33,61,False
41.84,70,66,False
41.17,36,84,False
22.88,50,64,False
21.31,48,98,False
49.9,35,78,False
49.19,43,97,False
16.92,34,74,True
26.37,27,96,True
37.92,57,90,False
41.99,58,77,False
22.63,55,71,False
33.07,44,76,False
26.45,33,67,False
25.59,64,76,False
33.36,33,78,False
47.78,64,88,False
23.7,45,98,False
32.73,42,67,False
46.68,67,60,False
34.62,58,79,False
47.63,68,76,False
2.36,38,70,True
40.56,63,92,False
33.07,53,61,False
6.16,46,68,True
49.16,59,74,False
26.08,56,84,False
26.62,34,71,False
33.86,63,62,False
24.8,31,70,False
47.65,19,98,True
47.32,45,61,False
35.26,50,76,False
37.45,83,90,True
29.03,98,88,True
24.97,40,65,False
24.32,52,95,False
47.85,43,74,False
28.4,37,101,True
28.14,39,82,False
37.36,10,89,True
21.59,66,65,False
33.1,49,77,False
42.81,38,82,False
44.31,32,89,False
36.26,51,92,False
35.57,29,94,True
37.8,45,83,False
